{"width":512,"SubTexture":[{"frameWidth":53,"y":1,"frameHeight":53,"width":52,"frameX":0,"height":52,"name":"元件 6","frameY":0,"x":442},{"width":20,"y":55,"height":29,"name":"右小腿","x":486},{"width":27,"y":195,"height":25,"name":"右大腿","x":469},{"width":21,"y":156,"height":29,"name":"左小腿","x":477},{"width":32,"y":234,"height":24,"name":"左大腿","x":439},{"width":36,"y":156,"height":37,"name":"肩带后","x":439},{"width":100,"y":315,"height":84,"name":"躯干","x":283},{"frameWidth":95,"y":401,"frameHeight":37,"width":95,"frameX":0,"height":29,"name":"肩带前","frameY":-2,"x":1},{"width":81,"y":1,"height":110,"name":"书","x":359},{"width":28,"y":195,"height":37,"name":"领结右","x":439},{"width":24,"y":86,"height":24,"name":"领结左","x":486},{"width":281,"y":1,"height":170,"name":"头","x":1},{"width":58,"y":142,"height":25,"name":"眉毛","x":284},{"frameWidth":77,"y":113,"frameHeight":45,"width":75,"frameX":-1,"height":42,"name":"元件 3","frameY":-1,"x":359},{"width":68,"y":113,"height":41,"name":"元件 4","x":436},{"frameWidth":282,"y":173,"frameHeight":172,"width":280,"frameX":-1,"height":170,"name":"元件 7","frameY":-1,"x":1},{"width":154,"y":173,"height":140,"name":"元件 9","x":283},{"width":73,"y":1,"height":139,"name":"元件 8","x":284},{"width":69,"y":315,"height":105,"name":"元件 10","x":385},{"width":42,"y":55,"height":43,"name":"元件 11","x":442}],"height":512,"name":"wan","imagePath":"wan_tex.png"}