{"frameRate":30,"isGlobal":0,"armature":[{"ik":[],"bone":[{"name":"root","transform":{}},{"inheritScale":false,"transform":{"y":-88.8,"skX":-36.74,"skY":-36.74,"x":31.6},"name":"肩带前","parent":"root"},{"inheritScale":false,"transform":{"y":-6.675,"skX":36.46,"skY":36.46,"x":-2.175},"name":"右小腿","parent":"root"},{"inheritScale":false,"transform":{"y":-27.1,"skX":29.26,"skY":29.26,"x":3},"name":"右大腿","parent":"root"},{"inheritScale":false,"transform":{"y":-17.35,"skX":-38.73,"skY":-38.73,"x":28.775},"name":"左小腿","parent":"root"},{"inheritScale":false,"transform":{"y":-29.575,"skX":-38.73,"skY":-38.73,"x":10.175},"name":"左大腿","parent":"root"},{"inheritScale":false,"transform":{"y":-67.325,"x":-32.3},"name":"肩带后","parent":"root"},{"inheritScale":false,"transform":{"y":-94.325,"x":3.7},"name":"躯干","parent":"root"},{"inheritScale":false,"transform":{"scY":0.9,"y":1.4,"scX":2.7,"x":3.925},"name":"图层 2","parent":"root"},{"inheritScale":false,"transform":{"y":-56.575,"x":-68.3},"name":"书","parent":"root"},{"inheritScale":false,"transform":{"y":-78.825,"skX":-16.73,"skY":-16.73,"x":38.725},"name":"领结右","parent":"root"},{"inheritScale":false,"transform":{"y":-81.8,"skX":14.72,"skY":14.72,"x":36.7},"name":"领结左","parent":"root"},{"inheritScale":false,"transform":{"y":-89.375,"skX":-5.21,"skY":-5.21,"x":23.275},"name":"头","parent":"root"},{"inheritScale":false,"transform":{"y":-188.475,"skX":-5.21,"skY":-5.21,"x":36.05},"name":"眉毛","parent":"root"},{"inheritScale":false,"transform":{"y":-162.15,"skX":-24.94,"skY":-24.94,"x":48.575},"name":"眼睛","parent":"root"},{"inheritScale":false,"transform":{"y":-165.1,"x":31.5},"name":"图层_1","parent":"root"}],"skin":[{"slot":[{"display":[{"path":"肩带前","type":"image","name":"肩带前","transform":{"y":5.8,"x":-45.5}}],"name":"肩带前"},{"display":[{"path":"元件 6","type":"image","name":"元件 6","transform":{}}],"name":"图层 2"},{"display":[{"path":"领结右","type":"image","name":"领结右","transform":{"y":11,"x":9.975}}],"name":"领结右"},{"display":[{"path":"元件 4","type":"image","name":"元件 4","transform":{"y":0.15,"x":0.075}}],"name":"图层_1"},{"display":[{"path":"头","type":"image","name":"头","transform":{"y":-76.075,"x":-22.025}}],"name":"头"},{"display":[{"path":"左大腿","type":"image","name":"左大腿","transform":{"y":12.6,"x":0.025}}],"name":"左大腿"},{"display":[{"path":"元件 3","type":"image","name":"元件 3","transform":{"y":0.025,"x":-0.025}}],"name":"眼睛"},{"display":[{"path":"躯干","type":"image","name":"躯干","transform":{"y":34.25,"x":-0.5}}],"name":"躯干"},{"display":[{"path":"书","type":"image","name":"书","transform":{}}],"name":"书"},{"display":[{"path":"右小腿","type":"image","name":"右小腿","transform":{"y":8.15,"x":-8.825}}],"name":"右小腿"},{"display":[{"path":"领结左","type":"image","name":"领结左","transform":{"y":7,"x":-9.275}}],"name":"领结左"},{"display":[{"path":"右大腿","type":"image","name":"右大腿","transform":{"y":12.525,"x":-0.275}}],"name":"右大腿"},{"display":[{"path":"左小腿","type":"image","name":"左小腿","transform":{"y":9.125,"x":-8.85}}],"name":"左小腿"},{"display":[{"path":"眉毛","type":"image","name":"眉毛","transform":{"x":-0.075}}],"name":"眉毛"},{"display":[{"path":"肩带后","type":"image","name":"肩带后","transform":{}}],"name":"肩带后"}],"name":""}],"type":"Armature","name":"wan","animation":[{"ik":[],"frame":[{"duration":24,"tweenEasing":null},{"duration":0,"tweenEasing":null}],"slot":[{"colorFrame":[{"tweenEasing":0,"color":{"aM":50},"duration":4},{"tweenEasing":0,"color":{"aM":50},"duration":4},{"tweenEasing":0,"color":{"aM":50},"duration":4},{"tweenEasing":0,"color":{"aM":50},"duration":4},{"tweenEasing":0,"color":{"aM":50},"duration":4},{"tweenEasing":0,"color":{"aM":50},"duration":4},{"color":{"aM":50},"duration":0}],"displayFrame":[{"duration":4},{"duration":4},{"duration":4},{"duration":4},{"duration":4},{"duration":4},{"duration":0}],"name":"图层 2"},{"colorFrame":[{"tweenEasing":0,"duration":4},{"tweenEasing":0,"duration":4},{"tweenEasing":0,"duration":4},{"tweenEasing":0,"duration":4},{"tweenEasing":0,"duration":4},{"tweenEasing":0,"duration":4},{"duration":0}],"displayFrame":[{"duration":4},{"duration":4},{"duration":4},{"duration":4},{"duration":4},{"duration":4},{"duration":0}],"name":"右小腿"},{"colorFrame":[{"tweenEasing":0,"duration":4},{"tweenEasing":0,"duration":4},{"tweenEasing":0,"duration":4},{"tweenEasing":0,"duration":4},{"tweenEasing":0,"duration":4},{"tweenEasing":0,"duration":4},{"duration":0}],"displayFrame":[{"duration":4},{"duration":4},{"duration":4},{"duration":4},{"duration":4},{"duration":4},{"duration":0}],"name":"右大腿"},{"colorFrame":[{"tweenEasing":0,"duration":4},{"tweenEasing":0,"duration":4},{"tweenEasing":0,"duration":4},{"tweenEasing":0,"duration":4},{"tweenEasing":0,"duration":4},{"tweenEasing":0,"duration":4},{"duration":0}],"displayFrame":[{"duration":4},{"duration":4},{"duration":4},{"duration":4},{"duration":4},{"duration":4},{"duration":0}],"name":"左小腿"},{"colorFrame":[{"tweenEasing":0,"duration":4},{"tweenEasing":0,"duration":4},{"tweenEasing":0,"duration":4},{"tweenEasing":0,"duration":4},{"tweenEasing":0,"duration":4},{"tweenEasing":0,"duration":4},{"duration":0}],"displayFrame":[{"duration":4},{"duration":4},{"duration":4},{"duration":4},{"duration":4},{"duration":4},{"duration":0}],"name":"左大腿"},{"colorFrame":[{"tweenEasing":0,"duration":4},{"tweenEasing":0,"duration":4},{"tweenEasing":0,"duration":4},{"tweenEasing":0,"duration":4},{"tweenEasing":0,"duration":4},{"tweenEasing":0,"duration":4},{"duration":0}],"displayFrame":[{"duration":4},{"duration":4},{"duration":4},{"duration":4},{"duration":4},{"duration":4},{"duration":0}],"name":"肩带后"},{"colorFrame":[{"tweenEasing":0,"duration":4},{"tweenEasing":0,"duration":4},{"tweenEasing":0,"duration":4},{"tweenEasing":0,"duration":4},{"tweenEasing":0,"duration":4},{"tweenEasing":0,"duration":4},{"duration":0}],"displayFrame":[{"duration":4},{"duration":4},{"duration":4},{"duration":4},{"duration":4},{"duration":4},{"duration":0}],"name":"躯干"},{"colorFrame":[{"tweenEasing":0,"duration":4},{"tweenEasing":0,"duration":4},{"tweenEasing":0,"duration":4},{"tweenEasing":0,"duration":4},{"tweenEasing":0,"duration":4},{"tweenEasing":0,"duration":4},{"duration":0}],"displayFrame":[{"duration":4},{"duration":4},{"duration":4},{"duration":4},{"duration":4},{"duration":4},{"duration":0}],"name":"肩带前"},{"colorFrame":[{"tweenEasing":0,"duration":4},{"tweenEasing":0,"duration":4},{"tweenEasing":0,"duration":4},{"tweenEasing":0,"duration":4},{"tweenEasing":0,"duration":4},{"tweenEasing":0,"duration":4},{"duration":0}],"displayFrame":[{"duration":4},{"duration":4},{"duration":4},{"duration":4},{"duration":4},{"duration":4},{"duration":0}],"name":"书"},{"colorFrame":[{"tweenEasing":0,"duration":4},{"tweenEasing":0,"duration":4},{"tweenEasing":0,"duration":4},{"tweenEasing":0,"duration":4},{"tweenEasing":0,"duration":4},{"tweenEasing":0,"duration":4},{"duration":0}],"displayFrame":[{"duration":4},{"duration":4},{"duration":4},{"duration":4},{"duration":4},{"duration":4},{"duration":0}],"name":"领结右"},{"colorFrame":[{"tweenEasing":0,"duration":4},{"tweenEasing":0,"duration":4},{"tweenEasing":0,"duration":4},{"tweenEasing":0,"duration":4},{"tweenEasing":0,"duration":4},{"tweenEasing":0,"duration":4},{"duration":0}],"displayFrame":[{"duration":4},{"duration":4},{"duration":4},{"duration":4},{"duration":4},{"duration":4},{"duration":0}],"name":"领结左"},{"colorFrame":[{"tweenEasing":0,"duration":4},{"tweenEasing":0,"duration":4},{"tweenEasing":0,"duration":4},{"tweenEasing":0,"duration":4},{"tweenEasing":0,"duration":4},{"tweenEasing":0,"duration":4},{"duration":0}],"displayFrame":[{"duration":4},{"duration":4},{"duration":4},{"duration":4},{"duration":4},{"duration":4},{"duration":0}],"name":"头"},{"colorFrame":[{"tweenEasing":0,"duration":4},{"tweenEasing":0,"duration":4},{"tweenEasing":0,"duration":4},{"tweenEasing":0,"duration":4},{"tweenEasing":0,"duration":4},{"tweenEasing":0,"duration":4},{"duration":0}],"displayFrame":[{"duration":4},{"duration":4},{"duration":4},{"duration":4},{"duration":4},{"duration":4},{"duration":0}],"name":"眉毛"},{"colorFrame":[{"tweenEasing":0,"duration":4},{"tweenEasing":0,"duration":4},{"tweenEasing":0,"duration":4},{"tweenEasing":0,"duration":4},{"tweenEasing":0,"duration":4},{"tweenEasing":0,"duration":4},{"duration":0}],"displayFrame":[{"duration":4},{"duration":4},{"duration":4},{"duration":4},{"duration":4},{"duration":4},{"duration":0}],"name":"眼睛"},{"colorFrame":[{"duration":24}],"displayFrame":[{"value":-1,"duration":24}],"name":"图层_1"}],"ffd":[],"bone":[{"rotateFrame":[{"tweenEasing":0,"duration":4},{"tweenEasing":0,"duration":4},{"tweenEasing":0,"duration":4},{"tweenEasing":0,"duration":4},{"tweenEasing":0,"duration":4},{"tweenEasing":0,"duration":4},{"duration":0}],"scaleFrame":[{"tweenEasing":0,"duration":4},{"y":0.8333,"tweenEasing":0,"duration":4,"x":0.8296},{"y":0.7333,"tweenEasing":0,"duration":4,"x":0.5815},{"tweenEasing":0,"duration":4},{"y":0.8333,"tweenEasing":0,"duration":4,"x":0.8296},{"y":0.7333,"tweenEasing":0,"duration":4,"x":0.5815},{"duration":0}],"name":"图层 2","translateFrame":[{"tweenEasing":0,"duration":4},{"tweenEasing":0,"duration":4},{"tweenEasing":0,"duration":4},{"tweenEasing":0,"duration":4},{"tweenEasing":0,"duration":4},{"tweenEasing":0,"duration":4},{"duration":0}]},{"rotateFrame":[{"tweenEasing":0,"duration":4},{"tweenEasing":0,"duration":4,"rotate":3.22},{"tweenEasing":0,"duration":4,"rotate":-3.58},{"tweenEasing":0,"duration":4,"rotate":-62.17},{"tweenEasing":0,"duration":4,"rotate":-47.2},{"tweenEasing":0,"duration":4,"rotate":-32.48},{"duration":0}],"scaleFrame":[{"tweenEasing":0,"duration":4},{"tweenEasing":0,"duration":4},{"tweenEasing":0,"duration":4},{"tweenEasing":0,"duration":4},{"tweenEasing":0,"duration":4},{"tweenEasing":0,"duration":4},{"duration":0}],"name":"右小腿","translateFrame":[{"tweenEasing":0,"duration":4},{"y":-5.75,"tweenEasing":0,"duration":4,"x":1.5},{"y":-10.525,"tweenEasing":0,"duration":4,"x":25.1},{"y":-10.95,"tweenEasing":0,"duration":4,"x":25.1},{"y":-11.25,"tweenEasing":0,"duration":4,"x":19.35},{"y":-6.625,"tweenEasing":0,"duration":4,"x":8.875},{"duration":0}]},{"rotateFrame":[{"tweenEasing":0,"duration":4},{"tweenEasing":0,"duration":4,"rotate":-13.48},{"tweenEasing":0,"duration":4,"rotate":-57.43},{"tweenEasing":0,"duration":4,"rotate":-62.17},{"tweenEasing":0,"duration":4,"rotate":-47.19},{"tweenEasing":0,"duration":4,"rotate":-32.47},{"duration":0}],"scaleFrame":[{"tweenEasing":0,"duration":4},{"tweenEasing":0,"duration":4},{"tweenEasing":0,"duration":4},{"tweenEasing":0,"duration":4},{"tweenEasing":0,"duration":4},{"tweenEasing":0,"duration":4},{"duration":0}],"name":"右大腿","translateFrame":[{"tweenEasing":0,"duration":4},{"y":-7.4,"tweenEasing":0,"duration":4,"x":-3.4},{"y":-9.7,"tweenEasing":0,"duration":4,"x":4.225},{"y":-4.65,"tweenEasing":0,"duration":4,"x":4.275},{"y":-8.525,"tweenEasing":0,"duration":4,"x":2.7},{"y":-6.25,"tweenEasing":0,"duration":4,"x":-2.9},{"duration":0}]},{"rotateFrame":[{"tweenEasing":0,"duration":4},{"tweenEasing":0,"duration":4,"rotate":25.18},{"tweenEasing":0,"duration":4,"rotate":42.38},{"tweenEasing":0,"duration":4,"rotate":60.18},{"tweenEasing":0,"duration":4,"rotate":86.18},{"tweenEasing":0,"duration":4,"rotate":68.73},{"duration":0}],"scaleFrame":[{"tweenEasing":0,"duration":4},{"tweenEasing":0,"duration":4},{"tweenEasing":0,"duration":4},{"tweenEasing":0,"duration":4},{"tweenEasing":0,"duration":4},{"y":1.06,"tweenEasing":0,"duration":4},{"duration":0}],"name":"左小腿","translateFrame":[{"tweenEasing":0,"duration":4},{"y":1.15,"tweenEasing":0,"duration":4,"x":-11.25},{"y":0.95,"tweenEasing":0,"duration":4,"x":-22.275},{"y":8.2,"tweenEasing":0,"duration":4,"x":-38.475},{"y":4.15,"tweenEasing":0,"duration":4,"x":-31.025},{"y":0.025,"tweenEasing":0,"duration":4,"x":-9.05},{"duration":0}]},{"rotateFrame":[{"tweenEasing":0,"duration":4},{"tweenEasing":0,"duration":4,"rotate":25.18},{"tweenEasing":0,"duration":4,"rotate":42.38},{"tweenEasing":0,"duration":4,"rotate":60.18},{"tweenEasing":0,"duration":4,"rotate":53.48},{"tweenEasing":0,"duration":4,"rotate":14.34},{"duration":0}],"scaleFrame":[{"tweenEasing":0,"duration":4},{"tweenEasing":0,"duration":4},{"tweenEasing":0,"duration":4},{"tweenEasing":0,"duration":4},{"tweenEasing":0,"duration":4},{"y":1.11,"tweenEasing":0,"duration":4},{"duration":0}],"name":"左大腿","translateFrame":[{"tweenEasing":0,"duration":4},{"y":-5.575,"tweenEasing":0,"duration":4,"x":-4.3},{"y":-8.35,"tweenEasing":0,"duration":4,"x":-9.175},{"y":-1.8,"tweenEasing":0,"duration":4,"x":-18.525},{"y":-7.875,"tweenEasing":0,"duration":4,"x":-10.95},{"y":-10.3,"tweenEasing":0,"duration":4,"x":-6.65},{"duration":0}]},{"rotateFrame":[{"tweenEasing":0,"duration":4},{"tweenEasing":0,"duration":4,"rotate":-8.98},{"tweenEasing":0,"duration":4,"rotate":-18.74},{"tweenEasing":0,"duration":4},{"tweenEasing":0,"duration":4,"rotate":-10.69},{"tweenEasing":0,"duration":4,"rotate":-17.72},{"duration":0}],"scaleFrame":[{"tweenEasing":0,"duration":4},{"tweenEasing":0,"duration":4},{"tweenEasing":0,"duration":4},{"tweenEasing":0,"duration":4},{"tweenEasing":0,"duration":4},{"tweenEasing":0,"duration":4},{"duration":0}],"name":"肩带后","translateFrame":[{"tweenEasing":0,"duration":4},{"y":-2.425,"tweenEasing":0,"duration":4,"x":-4.95},{"y":-4.275,"tweenEasing":0,"duration":4,"x":-1.175},{"tweenEasing":0,"duration":4,"x":-8},{"y":-3.025,"tweenEasing":0,"duration":4,"x":-4.3},{"y":-2.475,"tweenEasing":0,"duration":4,"x":-1.075},{"duration":0}]},{"rotateFrame":[{"tweenEasing":0,"duration":4},{"tweenEasing":0,"duration":4},{"tweenEasing":0,"duration":4},{"tweenEasing":0,"duration":4},{"tweenEasing":0,"duration":4},{"tweenEasing":0,"duration":4},{"duration":0}],"scaleFrame":[{"tweenEasing":0,"duration":4},{"tweenEasing":0,"duration":4},{"tweenEasing":0,"duration":4},{"tweenEasing":0,"duration":4},{"tweenEasing":0,"duration":4},{"tweenEasing":0,"duration":4},{"duration":0}],"name":"躯干","translateFrame":[{"tweenEasing":0,"duration":4},{"y":-5,"tweenEasing":0,"duration":4,"x":-8},{"y":-9,"tweenEasing":0,"duration":4,"x":-8},{"tweenEasing":0,"duration":4,"x":-8},{"y":-6,"tweenEasing":0,"duration":4,"x":-8},{"y":-10,"tweenEasing":0,"duration":4,"x":-8},{"duration":0}]},{"rotateFrame":[{"tweenEasing":0,"duration":4},{"tweenEasing":0,"duration":4,"rotate":-3.75},{"tweenEasing":0,"duration":4,"rotate":-7.49},{"tweenEasing":0,"duration":4},{"tweenEasing":0,"duration":4,"rotate":-3.22},{"tweenEasing":0,"duration":4,"rotate":-7.21},{"duration":0}],"scaleFrame":[{"tweenEasing":0,"duration":4},{"tweenEasing":0,"duration":4},{"tweenEasing":0,"duration":4},{"tweenEasing":0,"duration":4},{"tweenEasing":0,"duration":4},{"tweenEasing":0,"duration":4},{"duration":0}],"name":"肩带前","translateFrame":[{"tweenEasing":0,"duration":4},{"y":-5,"tweenEasing":0,"duration":4,"x":-8},{"y":-9,"tweenEasing":0,"duration":4,"x":-7.975},{"tweenEasing":0,"duration":4,"x":-8},{"y":-6,"tweenEasing":0,"duration":4,"x":-8},{"y":-10,"tweenEasing":0,"duration":4,"x":-7.975},{"duration":0}]},{"rotateFrame":[{"tweenEasing":0,"duration":4},{"tweenEasing":0,"duration":4,"rotate":-2.99},{"tweenEasing":0,"duration":4,"rotate":-8.88},{"tweenEasing":0,"duration":4},{"tweenEasing":0,"duration":4,"rotate":-9.44},{"tweenEasing":0,"duration":4,"rotate":-14.7},{"duration":0}],"scaleFrame":[{"tweenEasing":0,"duration":4},{"tweenEasing":0,"duration":4},{"tweenEasing":0,"duration":4},{"tweenEasing":0,"duration":4},{"tweenEasing":0,"duration":4},{"tweenEasing":0,"duration":4},{"duration":0}],"name":"书","translateFrame":[{"tweenEasing":0,"duration":4},{"y":1.5,"tweenEasing":0,"duration":4,"x":-7.5},{"y":3.05,"tweenEasing":0,"duration":4,"x":-2.95},{"tweenEasing":0,"duration":4,"x":-8},{"y":0.5,"tweenEasing":0,"duration":4,"x":-6.975},{"y":4.525,"tweenEasing":0,"duration":4,"x":-3.45},{"duration":0}]},{"rotateFrame":[{"tweenEasing":0,"duration":4},{"tweenEasing":0,"duration":4,"rotate":16.73},{"tweenEasing":0,"duration":4,"rotate":30.19},{"tweenEasing":0,"duration":4,"rotate":-3.73},{"tweenEasing":0,"duration":4,"rotate":16.73},{"tweenEasing":0,"duration":4,"rotate":35.71},{"duration":0}],"scaleFrame":[{"tweenEasing":0,"duration":4},{"tweenEasing":0,"duration":4},{"tweenEasing":0,"duration":4},{"tweenEasing":0,"duration":4},{"tweenEasing":0,"duration":4},{"tweenEasing":0,"duration":4},{"duration":0}],"name":"领结右","translateFrame":[{"tweenEasing":0,"duration":4},{"y":-5.025,"tweenEasing":0,"duration":4,"x":-8.025},{"y":-9.025,"tweenEasing":0,"duration":4,"x":-8.025},{"y":-0.025,"tweenEasing":0,"duration":4,"x":-8.025},{"y":-6.025,"tweenEasing":0,"duration":4,"x":-8.025},{"y":-10.025,"tweenEasing":0,"duration":4,"x":-8},{"duration":0}]},{"rotateFrame":[{"tweenEasing":0,"duration":4},{"tweenEasing":0,"duration":4,"rotate":-14.72},{"tweenEasing":0,"duration":4,"rotate":-29.91},{"tweenEasing":0,"duration":4,"rotate":-5.26},{"tweenEasing":0,"duration":4,"rotate":-14.72},{"tweenEasing":0,"duration":4,"rotate":-32.43},{"duration":0}],"scaleFrame":[{"tweenEasing":0,"duration":4},{"tweenEasing":0,"duration":4},{"tweenEasing":0,"duration":4},{"tweenEasing":0,"duration":4},{"tweenEasing":0,"duration":4},{"tweenEasing":0,"duration":4},{"duration":0}],"name":"领结左","translateFrame":[{"tweenEasing":0,"duration":4},{"y":-5.025,"tweenEasing":0,"duration":4,"x":-8},{"y":-9,"tweenEasing":0,"duration":4,"x":-8},{"y":-0.025,"tweenEasing":0,"duration":4,"x":-8},{"y":-6.025,"tweenEasing":0,"duration":4,"x":-8},{"y":-10,"tweenEasing":0,"duration":4,"x":-7.975},{"duration":0}]},{"rotateFrame":[{"tweenEasing":0,"duration":4},{"tweenEasing":0,"duration":4,"rotate":5.21},{"tweenEasing":0,"duration":4,"rotate":9.18},{"tweenEasing":0,"duration":4,"rotate":20.62},{"tweenEasing":0,"duration":4,"rotate":15.21},{"tweenEasing":0,"duration":4,"rotate":10.66},{"duration":0}],"scaleFrame":[{"tweenEasing":0,"duration":4},{"tweenEasing":0,"duration":4},{"tweenEasing":0,"duration":4},{"tweenEasing":0,"duration":4},{"tweenEasing":0,"duration":4},{"tweenEasing":0,"duration":4},{"duration":0}],"name":"头","translateFrame":[{"tweenEasing":0,"duration":4},{"y":-6.175,"tweenEasing":0,"duration":4,"x":-17.55},{"y":-7.225,"tweenEasing":0,"duration":4,"x":-19},{"y":4.2,"tweenEasing":0,"duration":4,"x":-26.75},{"y":-3.625,"tweenEasing":0,"duration":4,"x":-15.05},{"y":-8.2,"tweenEasing":0,"duration":4,"x":-13.125},{"duration":0}]},{"rotateFrame":[{"tweenEasing":0,"duration":4},{"tweenEasing":0,"duration":4,"rotate":5.21},{"tweenEasing":0,"duration":4,"rotate":9.18},{"tweenEasing":0,"duration":4,"rotate":20.62},{"tweenEasing":0,"duration":4,"rotate":15.21},{"tweenEasing":0,"duration":4,"rotate":10.66},{"duration":0}],"scaleFrame":[{"tweenEasing":0,"duration":4},{"tweenEasing":0,"duration":4},{"tweenEasing":0,"duration":4},{"tweenEasing":0,"duration":4},{"tweenEasing":0,"duration":4},{"tweenEasing":0,"duration":4},{"duration":0}],"name":"眉毛","translateFrame":[{"tweenEasing":0,"duration":4},{"y":-4.6,"tweenEasing":0,"duration":4,"x":-8.6},{"y":-3.9,"tweenEasing":0,"duration":4,"x":-3.35},{"y":15.025,"tweenEasing":0,"duration":4,"x":7.375},{"y":3.2,"tweenEasing":0,"duration":4,"x":10.5},{"y":-4.125,"tweenEasing":0,"duration":4,"x":4.975},{"duration":0}]},{"rotateFrame":[{"tweenEasing":0,"duration":4},{"tweenEasing":0,"duration":4,"rotate":5.21},{"tweenEasing":0,"duration":4,"rotate":9.18},{"tweenEasing":0,"duration":4,"rotate":20.62},{"tweenEasing":0,"duration":4,"rotate":15.21},{"tweenEasing":0,"duration":4,"rotate":10.66},{"duration":0}],"scaleFrame":[{"tweenEasing":0,"duration":4},{"tweenEasing":0,"duration":4},{"tweenEasing":0,"duration":4},{"tweenEasing":0,"duration":4},{"tweenEasing":0,"duration":4},{"tweenEasing":0,"duration":4},{"duration":0}],"name":"眼睛","translateFrame":[{"tweenEasing":0,"duration":4},{"y":-3.55,"tweenEasing":0,"duration":4,"x":-10.975},{"y":-2.25,"tweenEasing":0,"duration":4,"x":-7.65},{"y":17.725,"tweenEasing":0,"duration":4,"x":-2.675},{"y":5.55,"tweenEasing":0,"duration":4,"x":3.175},{"y":-2.25,"tweenEasing":0,"duration":4,"x":-0.05},{"duration":0}]},{"rotateFrame":[],"scaleFrame":[],"name":"root","translateFrame":[]},{"rotateFrame":[],"scaleFrame":[],"name":"图层_1","translateFrame":[]}],"fadeInTime":0.3,"name":"walk","duration":24,"playTimes":0},{"ik":[],"frame":[{"duration":18,"tweenEasing":null},{"duration":0,"tweenEasing":null}],"slot":[{"colorFrame":[{"tweenEasing":0,"color":{"aM":50},"duration":3},{"tweenEasing":0,"color":{"aM":50},"duration":3},{"tweenEasing":0,"color":{"aM":50},"duration":3},{"tweenEasing":0,"color":{"aM":50},"duration":3},{"tweenEasing":0,"color":{"aM":50},"duration":3},{"tweenEasing":0,"color":{"aM":50},"duration":3},{"color":{"aM":50},"duration":0}],"displayFrame":[{"duration":3},{"duration":3},{"duration":3},{"duration":3},{"duration":3},{"duration":3},{"duration":0}],"name":"图层 2"},{"colorFrame":[{"tweenEasing":0,"duration":3},{"tweenEasing":0,"duration":3},{"tweenEasing":0,"duration":3},{"tweenEasing":0,"duration":3},{"tweenEasing":0,"duration":3},{"tweenEasing":0,"duration":3},{"duration":0}],"displayFrame":[{"duration":3},{"duration":3},{"duration":3},{"duration":3},{"duration":3},{"duration":3},{"duration":0}],"name":"右小腿"},{"colorFrame":[{"tweenEasing":0,"duration":3},{"tweenEasing":0,"duration":3},{"tweenEasing":0,"duration":3},{"tweenEasing":0,"duration":3},{"tweenEasing":0,"duration":3},{"tweenEasing":0,"duration":3},{"duration":0}],"displayFrame":[{"duration":3},{"duration":3},{"duration":3},{"duration":3},{"duration":3},{"duration":3},{"duration":0}],"name":"右大腿"},{"colorFrame":[{"tweenEasing":0,"duration":3},{"tweenEasing":0,"duration":3},{"tweenEasing":0,"duration":3},{"tweenEasing":0,"duration":3},{"tweenEasing":0,"duration":3},{"tweenEasing":0,"duration":3},{"duration":0}],"displayFrame":[{"duration":3},{"duration":3},{"duration":3},{"duration":3},{"duration":3},{"duration":3},{"duration":0}],"name":"左小腿"},{"colorFrame":[{"tweenEasing":0,"duration":3},{"tweenEasing":0,"duration":3},{"tweenEasing":0,"duration":3},{"tweenEasing":0,"duration":3},{"tweenEasing":0,"duration":3},{"tweenEasing":0,"duration":3},{"duration":0}],"displayFrame":[{"duration":3},{"duration":3},{"duration":3},{"duration":3},{"duration":3},{"duration":3},{"duration":0}],"name":"左大腿"},{"colorFrame":[{"tweenEasing":0,"duration":3},{"tweenEasing":0,"duration":3},{"tweenEasing":0,"duration":3},{"tweenEasing":0,"duration":3},{"tweenEasing":0,"duration":3},{"tweenEasing":0,"duration":3},{"duration":0}],"displayFrame":[{"duration":3},{"duration":3},{"duration":3},{"duration":3},{"duration":3},{"duration":3},{"duration":0}],"name":"肩带后"},{"colorFrame":[{"tweenEasing":0,"duration":3},{"tweenEasing":0,"duration":3},{"tweenEasing":0,"duration":3},{"tweenEasing":0,"duration":3},{"tweenEasing":0,"duration":3},{"tweenEasing":0,"duration":3},{"duration":0}],"displayFrame":[{"duration":3},{"duration":3},{"duration":3},{"duration":3},{"duration":3},{"duration":3},{"duration":0}],"name":"躯干"},{"colorFrame":[{"tweenEasing":0,"duration":3},{"tweenEasing":0,"duration":3},{"tweenEasing":0,"duration":3},{"tweenEasing":0,"duration":3},{"tweenEasing":0,"duration":3},{"tweenEasing":0,"duration":3},{"duration":0}],"displayFrame":[{"duration":3},{"duration":3},{"duration":3},{"duration":3},{"duration":3},{"duration":3},{"duration":0}],"name":"肩带前"},{"colorFrame":[{"tweenEasing":0,"duration":3},{"tweenEasing":0,"duration":3},{"tweenEasing":0,"duration":3},{"tweenEasing":0,"duration":3},{"tweenEasing":0,"duration":3},{"tweenEasing":0,"duration":3},{"duration":0}],"displayFrame":[{"duration":3},{"duration":3},{"duration":3},{"duration":3},{"duration":3},{"duration":3},{"duration":0}],"name":"书"},{"colorFrame":[{"tweenEasing":0,"duration":3},{"tweenEasing":0,"duration":3},{"tweenEasing":0,"duration":3},{"tweenEasing":0,"duration":3},{"tweenEasing":0,"duration":3},{"tweenEasing":0,"duration":3},{"duration":0}],"displayFrame":[{"duration":3},{"duration":3},{"duration":3},{"duration":3},{"duration":3},{"duration":3},{"duration":0}],"name":"领结右"},{"colorFrame":[{"tweenEasing":0,"duration":3},{"tweenEasing":0,"duration":3},{"tweenEasing":0,"duration":3},{"tweenEasing":0,"duration":3},{"tweenEasing":0,"duration":3},{"tweenEasing":0,"duration":3},{"duration":0}],"displayFrame":[{"duration":3},{"duration":3},{"duration":3},{"duration":3},{"duration":3},{"duration":3},{"duration":0}],"name":"领结左"},{"colorFrame":[{"tweenEasing":0,"duration":3},{"tweenEasing":0,"duration":3},{"tweenEasing":0,"duration":3},{"tweenEasing":0,"duration":3},{"tweenEasing":0,"duration":3},{"tweenEasing":0,"duration":3},{"duration":0}],"displayFrame":[{"duration":3},{"duration":3},{"duration":3},{"duration":3},{"duration":3},{"duration":3},{"duration":0}],"name":"头"},{"colorFrame":[{"tweenEasing":0,"duration":3},{"tweenEasing":0,"duration":3},{"tweenEasing":0,"duration":3},{"tweenEasing":0,"duration":3},{"tweenEasing":0,"duration":3},{"tweenEasing":0,"duration":3},{"duration":0}],"displayFrame":[{"duration":3},{"duration":3},{"duration":3},{"duration":3},{"duration":3},{"duration":3},{"duration":0}],"name":"眉毛"},{"colorFrame":[{"tweenEasing":0,"duration":3},{"tweenEasing":0,"duration":3},{"tweenEasing":0,"duration":3},{"tweenEasing":0,"duration":3},{"tweenEasing":0,"duration":3},{"tweenEasing":0,"duration":3},{"duration":0}],"displayFrame":[{"duration":3},{"duration":3},{"duration":3},{"duration":3},{"duration":3},{"duration":3},{"duration":0}],"name":"眼睛"},{"colorFrame":[{"duration":18}],"displayFrame":[{"value":-1,"duration":18}],"name":"图层_1"}],"ffd":[],"bone":[{"rotateFrame":[{"tweenEasing":0,"duration":3},{"tweenEasing":0,"duration":3},{"tweenEasing":0,"duration":3},{"tweenEasing":0,"duration":3},{"tweenEasing":0,"duration":3},{"tweenEasing":0,"duration":3},{"duration":0}],"scaleFrame":[{"y":0.6,"tweenEasing":0,"duration":3,"x":0.6},{"y":0.8333,"tweenEasing":0,"duration":3,"x":0.8296},{"y":0.7222,"tweenEasing":0,"duration":3,"x":0.7222},{"y":0.6,"tweenEasing":0,"duration":3,"x":0.6},{"y":0.8333,"tweenEasing":0,"duration":3,"x":0.8296},{"y":0.7222,"tweenEasing":0,"duration":3,"x":0.7222},{"y":0.6,"duration":0,"x":0.6}],"name":"图层 2","translateFrame":[{"tweenEasing":0,"duration":3},{"tweenEasing":0,"duration":3},{"tweenEasing":0,"duration":3},{"tweenEasing":0,"duration":3},{"tweenEasing":0,"duration":3},{"tweenEasing":0,"duration":3},{"duration":0}]},{"rotateFrame":[{"tweenEasing":0,"duration":3,"rotate":9.97},{"tweenEasing":0,"duration":3,"rotate":17.93},{"tweenEasing":0,"duration":3,"rotate":-2.85},{"tweenEasing":0,"duration":3,"rotate":-72.13},{"tweenEasing":0,"duration":3,"rotate":-28.43},{"tweenEasing":0,"duration":3,"rotate":-3.75},{"duration":0,"rotate":9.97}],"scaleFrame":[{"tweenEasing":0,"duration":3},{"tweenEasing":0,"duration":3},{"tweenEasing":0,"duration":3},{"tweenEasing":0,"duration":3},{"tweenEasing":0,"duration":3},{"tweenEasing":0,"duration":3},{"duration":0}],"name":"右小腿","translateFrame":[{"y":-16.95,"tweenEasing":0,"duration":3,"x":-10.65},{"y":-3.5,"tweenEasing":0,"duration":3,"x":10.125},{"y":-15.35,"tweenEasing":0,"duration":3,"x":31.8},{"y":-26.025,"tweenEasing":0,"duration":3,"x":36.25},{"y":-8.425,"tweenEasing":0,"duration":3,"x":24.85},{"y":-9.5,"tweenEasing":0,"duration":3,"x":-2.525},{"y":-16.95,"duration":0,"x":-10.65}]},{"rotateFrame":[{"tweenEasing":0,"duration":3,"rotate":9.98},{"tweenEasing":0,"duration":3,"rotate":-13.48},{"tweenEasing":0,"duration":3,"rotate":-69.42},{"tweenEasing":0,"duration":3,"rotate":-72.13},{"tweenEasing":0,"duration":3,"rotate":-54.38},{"tweenEasing":0,"duration":3,"rotate":-3.74},{"duration":0,"rotate":9.98}],"scaleFrame":[{"tweenEasing":0,"duration":3},{"tweenEasing":0,"duration":3},{"tweenEasing":0,"duration":3},{"tweenEasing":0,"duration":3},{"tweenEasing":0,"duration":3},{"tweenEasing":0,"duration":3},{"duration":0}],"name":"右大腿","translateFrame":[{"y":-15.75,"tweenEasing":0,"duration":3,"x":-7.2},{"y":-6.15,"tweenEasing":0,"duration":3,"x":5.85},{"y":-14.375,"tweenEasing":0,"duration":3,"x":8.85},{"y":-16.8,"tweenEasing":0,"duration":3,"x":13.225},{"y":-8.125,"tweenEasing":0,"duration":3,"x":6},{"y":-9.825,"tweenEasing":0,"duration":3,"x":-3.875},{"y":-15.75,"duration":0,"x":-7.2}]},{"rotateFrame":[{"tweenEasing":0,"duration":3},{"tweenEasing":0,"duration":3,"rotate":35.31},{"tweenEasing":0,"duration":3,"rotate":59.68},{"tweenEasing":0,"duration":3,"rotate":88.39},{"tweenEasing":0,"duration":3,"rotate":102.13},{"tweenEasing":0,"duration":3,"rotate":68.73},{"duration":0}],"scaleFrame":[{"tweenEasing":0,"duration":3},{"tweenEasing":0,"duration":3},{"tweenEasing":0,"duration":3},{"tweenEasing":0,"duration":3},{"tweenEasing":0,"duration":3},{"y":1.06,"tweenEasing":0,"duration":3},{"duration":0}],"name":"左小腿","translateFrame":[{"y":-12.25,"tweenEasing":0,"duration":3,"x":1.5},{"y":3.675,"tweenEasing":0,"duration":3,"x":-4.225},{"y":2.05,"tweenEasing":0,"duration":3,"x":-33.825},{"y":-5.45,"tweenEasing":0,"duration":3,"x":-37.65},{"y":6.4,"tweenEasing":0,"duration":3,"x":-26.875},{"y":-5.975,"tweenEasing":0,"duration":3,"x":-5.55},{"y":-12.25,"duration":0,"x":1.5}]},{"rotateFrame":[{"tweenEasing":0,"duration":3},{"tweenEasing":0,"duration":3,"rotate":15.87},{"tweenEasing":0,"duration":3,"rotate":59.68},{"tweenEasing":0,"duration":3,"rotate":72.9},{"tweenEasing":0,"duration":3,"rotate":53.48},{"tweenEasing":0,"duration":3,"rotate":14.34},{"duration":0}],"scaleFrame":[{"tweenEasing":0,"duration":3},{"tweenEasing":0,"duration":3},{"tweenEasing":0,"duration":3},{"tweenEasing":0,"duration":3},{"tweenEasing":0,"duration":3},{"y":1.11,"tweenEasing":0,"duration":3},{"duration":0}],"name":"左大腿","translateFrame":[{"y":-12.25,"tweenEasing":0,"duration":3,"x":1.5},{"y":-3.425,"tweenEasing":0,"duration":3,"x":0.5},{"y":-7.9,"tweenEasing":0,"duration":3,"x":-14.1},{"y":-14.625,"tweenEasing":0,"duration":3,"x":-12.85},{"y":-5.65,"tweenEasing":0,"duration":3,"x":-6.8},{"y":-16.3,"tweenEasing":0,"duration":3,"x":-3.15},{"y":-12.25,"duration":0,"x":1.5}]},{"rotateFrame":[{"tweenEasing":0,"duration":3,"rotate":8.22},{"tweenEasing":0,"duration":3,"rotate":8.22},{"tweenEasing":0,"duration":3,"rotate":8.22},{"tweenEasing":0,"duration":3,"rotate":8.22},{"tweenEasing":0,"duration":3,"rotate":8.22},{"tweenEasing":0,"duration":3,"rotate":8.22},{"duration":0,"rotate":8.22}],"scaleFrame":[{"tweenEasing":0,"duration":3},{"tweenEasing":0,"duration":3},{"tweenEasing":0,"duration":3},{"tweenEasing":0,"duration":3},{"tweenEasing":0,"duration":3},{"tweenEasing":0,"duration":3},{"duration":0}],"name":"肩带后","translateFrame":[{"y":-16.3,"tweenEasing":0,"duration":3,"x":5.25},{"y":-7.3,"tweenEasing":0,"duration":3,"x":5.25},{"y":-12.3,"tweenEasing":0,"duration":3,"x":2.25},{"y":-15.3,"tweenEasing":0,"duration":3,"x":9.25},{"y":-7.3,"tweenEasing":0,"duration":3,"x":5.25},{"y":-13.3,"tweenEasing":0,"duration":3,"x":2.25},{"y":-16.3,"duration":0,"x":5.25}]},{"rotateFrame":[{"tweenEasing":0,"duration":3,"rotate":8.22},{"tweenEasing":0,"duration":3,"rotate":8.22},{"tweenEasing":0,"duration":3,"rotate":8.22},{"tweenEasing":0,"duration":3,"rotate":8.22},{"tweenEasing":0,"duration":3,"rotate":8.22},{"tweenEasing":0,"duration":3,"rotate":8.22},{"duration":0,"rotate":8.22}],"scaleFrame":[{"tweenEasing":0,"duration":3},{"tweenEasing":0,"duration":3},{"tweenEasing":0,"duration":3},{"tweenEasing":0,"duration":3},{"tweenEasing":0,"duration":3},{"tweenEasing":0,"duration":3},{"duration":0}],"name":"躯干","translateFrame":[{"y":-10.875,"tweenEasing":0,"duration":3,"x":8.75},{"y":-1.875,"tweenEasing":0,"duration":3,"x":8.75},{"y":-6.875,"tweenEasing":0,"duration":3,"x":5.75},{"y":-9.875,"tweenEasing":0,"duration":3,"x":12.75},{"y":-1.875,"tweenEasing":0,"duration":3,"x":8.75},{"y":-7.875,"tweenEasing":0,"duration":3,"x":5.75},{"y":-10.875,"duration":0,"x":8.75}]},{"rotateFrame":[{"tweenEasing":0,"duration":3,"rotate":8.22},{"tweenEasing":0,"duration":3,"rotate":12.66},{"tweenEasing":0,"duration":3,"rotate":14.46},{"tweenEasing":0,"duration":3,"rotate":6.24},{"tweenEasing":0,"duration":3,"rotate":12.16},{"tweenEasing":0,"duration":3,"rotate":12.96},{"duration":0,"rotate":8.22}],"scaleFrame":[{"tweenEasing":0,"duration":3,"x":1.1},{"tweenEasing":0,"duration":3},{"tweenEasing":0,"duration":3,"x":0.91},{"tweenEasing":0,"duration":3,"x":1.1},{"tweenEasing":0,"duration":3},{"tweenEasing":0,"duration":3,"x":0.93},{"duration":0,"x":1.1}],"name":"肩带前","translateFrame":[{"y":-6.875,"tweenEasing":0,"duration":3,"x":7.675},{"y":2.1,"tweenEasing":0,"duration":3,"x":7.65},{"y":-2.925,"tweenEasing":0,"duration":3,"x":4.7},{"y":-5.875,"tweenEasing":0,"duration":3,"x":11.65},{"y":2.05,"tweenEasing":0,"duration":3,"x":7.65},{"y":-3.9,"tweenEasing":0,"duration":3,"x":4.675},{"y":-6.875,"duration":0,"x":7.675}]},{"rotateFrame":[{"tweenEasing":0,"duration":3,"rotate":-3.2},{"tweenEasing":0,"duration":3,"rotate":10.44},{"tweenEasing":0,"duration":3,"rotate":20},{"tweenEasing":0,"duration":3,"rotate":-3.2},{"tweenEasing":0,"duration":3,"rotate":10.44},{"tweenEasing":0,"duration":3,"rotate":15.79},{"duration":0,"rotate":-3.2}],"scaleFrame":[{"tweenEasing":0,"duration":3},{"tweenEasing":0,"duration":3},{"tweenEasing":0,"duration":3},{"tweenEasing":0,"duration":3},{"tweenEasing":0,"duration":3},{"tweenEasing":0,"duration":3},{"duration":0}],"name":"书","translateFrame":[{"y":-5.5,"tweenEasing":0,"duration":3,"x":-0.9},{"y":-14.025,"tweenEasing":0,"duration":3,"x":4.325},{"y":-22.675,"tweenEasing":0,"duration":3,"x":12.775},{"y":-6.5,"tweenEasing":0,"duration":3,"x":1.1},{"y":-14.025,"tweenEasing":0,"duration":3,"x":4.325},{"y":-22.175,"tweenEasing":0,"duration":3,"x":10.275},{"y":-5.5,"duration":0,"x":-0.9}]},{"rotateFrame":[{"tweenEasing":0,"duration":3,"rotate":40.68},{"tweenEasing":0,"duration":3,"rotate":9.51},{"tweenEasing":0,"duration":3,"rotate":24.95},{"tweenEasing":0,"duration":3,"rotate":42.15},{"tweenEasing":0,"duration":3,"rotate":14.96},{"tweenEasing":0,"duration":3,"rotate":38.95},{"duration":0,"rotate":40.68}],"scaleFrame":[{"tweenEasing":0,"duration":3},{"tweenEasing":0,"duration":3},{"tweenEasing":0,"duration":3},{"tweenEasing":0,"duration":3},{"tweenEasing":0,"duration":3},{"tweenEasing":0,"duration":3},{"duration":0}],"name":"领结右","translateFrame":[{"y":-6.025,"tweenEasing":0,"duration":3,"x":6.15},{"y":2.975,"tweenEasing":0,"duration":3,"x":6.15},{"y":-2.05,"tweenEasing":0,"duration":3,"x":3.15},{"y":-5.05,"tweenEasing":0,"duration":3,"x":10.175},{"y":2.975,"tweenEasing":0,"duration":3,"x":6.15},{"y":-3.05,"tweenEasing":0,"duration":3,"x":3.175},{"y":-6.025,"duration":0,"x":6.15}]},{"rotateFrame":[{"tweenEasing":0,"duration":3,"rotate":-24},{"tweenEasing":0,"duration":3,"rotate":11.49},{"tweenEasing":0,"duration":3,"rotate":-6.5},{"tweenEasing":0,"duration":3,"rotate":-20.21},{"tweenEasing":0,"duration":3,"rotate":8.73},{"tweenEasing":0,"duration":3,"rotate":-6.5},{"duration":0,"rotate":-24}],"scaleFrame":[{"tweenEasing":0,"duration":3},{"tweenEasing":0,"duration":3},{"tweenEasing":0,"duration":3},{"tweenEasing":0,"duration":3},{"tweenEasing":0,"duration":3},{"tweenEasing":0,"duration":3},{"duration":0}],"name":"领结左","translateFrame":[{"y":-6.275,"tweenEasing":0,"duration":3,"x":6.6},{"y":2.725,"tweenEasing":0,"duration":3,"x":6.6},{"y":-2.3,"tweenEasing":0,"duration":3,"x":3.6},{"y":-5.275,"tweenEasing":0,"duration":3,"x":10.6},{"y":2.7,"tweenEasing":0,"duration":3,"x":6.625},{"y":-3.3,"tweenEasing":0,"duration":3,"x":3.6},{"y":-6.275,"duration":0,"x":6.6}]},{"rotateFrame":[{"tweenEasing":0,"duration":3,"rotate":4.95},{"tweenEasing":0,"duration":3,"rotate":13.43},{"tweenEasing":0,"duration":3,"rotate":22.14},{"tweenEasing":0,"duration":3,"rotate":13.43},{"tweenEasing":0,"duration":3,"rotate":6.69},{"tweenEasing":0,"duration":3,"rotate":-0.49},{"duration":0,"rotate":4.95}],"scaleFrame":[{"tweenEasing":0,"duration":3},{"tweenEasing":0,"duration":3},{"tweenEasing":0,"duration":3},{"tweenEasing":0,"duration":3},{"tweenEasing":0,"duration":3},{"tweenEasing":0,"duration":3},{"duration":0}],"name":"头","translateFrame":[{"y":-8.15,"tweenEasing":0,"duration":3,"x":13.2},{"y":3.325,"tweenEasing":0,"duration":3,"x":10.725},{"y":-1.9,"tweenEasing":0,"duration":3,"x":5.725},{"y":-10.675,"tweenEasing":0,"duration":3,"x":13.725},{"y":-1.475,"tweenEasing":0,"duration":3,"x":13.875},{"y":-8.6,"tweenEasing":0,"duration":3,"x":20.275},{"y":-8.15,"duration":0,"x":13.2}]},{"rotateFrame":[{"tweenEasing":0,"duration":3,"rotate":4.95},{"tweenEasing":0,"duration":3,"rotate":13.43},{"tweenEasing":0,"duration":3,"rotate":22.14},{"tweenEasing":0,"duration":3,"rotate":13.43},{"tweenEasing":0,"duration":3,"rotate":6.69},{"tweenEasing":0,"duration":3,"rotate":-0.49},{"duration":0,"rotate":4.95}],"scaleFrame":[{"tweenEasing":0,"duration":3},{"tweenEasing":0,"duration":3},{"tweenEasing":0,"duration":3},{"tweenEasing":0,"duration":3},{"tweenEasing":0,"duration":3},{"tweenEasing":0,"duration":3},{"duration":0}],"name":"眉毛","translateFrame":[{"y":-6.65,"tweenEasing":0,"duration":3,"x":21.675},{"y":9.025,"tweenEasing":0,"duration":3,"x":33.4},{"y":10.25,"tweenEasing":0,"duration":3,"x":42.15},{"y":-4.975,"tweenEasing":0,"duration":3,"x":36.4},{"y":0.7,"tweenEasing":0,"duration":3,"x":25.325},{"y":-8.675,"tweenEasing":0,"duration":3,"x":19.45},{"y":-6.65,"duration":0,"x":21.675}]},{"rotateFrame":[{"tweenEasing":0,"duration":3,"rotate":4.94},{"tweenEasing":0,"duration":3,"rotate":13.43},{"tweenEasing":0,"duration":3,"rotate":22.14},{"tweenEasing":0,"duration":3,"rotate":13.43},{"tweenEasing":0,"duration":3,"rotate":6.69},{"tweenEasing":0,"duration":3,"rotate":-0.49},{"duration":0,"rotate":4.94}],"scaleFrame":[{"tweenEasing":0,"duration":3},{"tweenEasing":0,"duration":3},{"tweenEasing":0,"duration":3},{"tweenEasing":0,"duration":3},{"tweenEasing":0,"duration":3},{"tweenEasing":0,"duration":3},{"duration":0}],"name":"眼睛","translateFrame":[{"y":-5.7,"tweenEasing":0,"duration":3,"x":19.425},{"y":11.225,"tweenEasing":0,"duration":3,"x":27},{"y":13,"tweenEasing":0,"duration":3,"x":31.325},{"y":-2.775,"tweenEasing":0,"duration":3,"x":30},{"y":1.975,"tweenEasing":0,"duration":3,"x":22.2},{"y":-8.85,"tweenEasing":0,"duration":3,"x":19.7},{"y":-5.7,"duration":0,"x":19.425}]},{"rotateFrame":[],"scaleFrame":[],"name":"root","translateFrame":[]},{"rotateFrame":[],"scaleFrame":[],"name":"图层_1","translateFrame":[]}],"fadeInTime":0.3,"name":"run","duration":18,"playTimes":0},{"ik":[],"frame":[{"duration":79,"tweenEasing":null},{"duration":0,"tweenEasing":null}],"slot":[{"colorFrame":[{"tweenEasing":0,"color":{"aM":50},"duration":79},{"color":{"aM":50},"duration":0}],"displayFrame":[{"duration":79},{"duration":0}],"name":"图层 2"},{"colorFrame":[{"tweenEasing":0,"duration":19},{"tweenEasing":0,"duration":20},{"tweenEasing":0,"duration":1},{"tweenEasing":0,"duration":19},{"tweenEasing":0,"duration":20},{"duration":0}],"displayFrame":[{"duration":19},{"duration":20},{"duration":1},{"duration":19},{"duration":20},{"duration":0}],"name":"右小腿"},{"colorFrame":[{"tweenEasing":0,"duration":19},{"tweenEasing":0,"duration":20},{"tweenEasing":0,"duration":1},{"tweenEasing":0,"duration":19},{"tweenEasing":0,"duration":20},{"duration":0}],"displayFrame":[{"duration":19},{"duration":20},{"duration":1},{"duration":19},{"duration":20},{"duration":0}],"name":"右大腿"},{"colorFrame":[{"tweenEasing":0,"duration":19},{"tweenEasing":0,"duration":20},{"tweenEasing":0,"duration":1},{"tweenEasing":0,"duration":19},{"tweenEasing":0,"duration":20},{"duration":0}],"displayFrame":[{"duration":19},{"duration":20},{"duration":1},{"duration":19},{"duration":20},{"duration":0}],"name":"左小腿"},{"colorFrame":[{"tweenEasing":0,"duration":19},{"tweenEasing":0,"duration":20},{"tweenEasing":0,"duration":1},{"tweenEasing":0,"duration":19},{"tweenEasing":0,"duration":20},{"duration":0}],"displayFrame":[{"duration":19},{"duration":20},{"duration":1},{"duration":19},{"duration":20},{"duration":0}],"name":"左大腿"},{"colorFrame":[{"tweenEasing":0,"duration":19},{"tweenEasing":0,"duration":20},{"tweenEasing":0,"duration":1},{"tweenEasing":0,"duration":19},{"tweenEasing":0,"duration":20},{"duration":0}],"displayFrame":[{"duration":19},{"duration":20},{"duration":1},{"duration":19},{"duration":20},{"duration":0}],"name":"肩带后"},{"colorFrame":[{"tweenEasing":0,"duration":19},{"tweenEasing":0,"duration":20},{"tweenEasing":0,"duration":1},{"tweenEasing":0,"duration":19},{"tweenEasing":0,"duration":20},{"duration":0}],"displayFrame":[{"duration":19},{"duration":20},{"duration":1},{"duration":19},{"duration":20},{"duration":0}],"name":"躯干"},{"colorFrame":[{"tweenEasing":0,"duration":19},{"tweenEasing":0,"duration":20},{"tweenEasing":0,"duration":1},{"tweenEasing":0,"duration":19},{"tweenEasing":0,"duration":20},{"duration":0}],"displayFrame":[{"duration":19},{"duration":20},{"duration":1},{"duration":19},{"duration":20},{"duration":0}],"name":"肩带前"},{"colorFrame":[{"tweenEasing":0,"duration":19},{"tweenEasing":0,"duration":20},{"tweenEasing":0,"duration":1},{"tweenEasing":0,"duration":19},{"tweenEasing":0,"duration":20},{"duration":0}],"displayFrame":[{"duration":19},{"duration":20},{"duration":1},{"duration":19},{"duration":20},{"duration":0}],"name":"书"},{"colorFrame":[{"tweenEasing":0,"duration":19},{"tweenEasing":0,"duration":20},{"tweenEasing":0,"duration":1},{"tweenEasing":0,"duration":19},{"tweenEasing":0,"duration":20},{"duration":0}],"displayFrame":[{"duration":19},{"duration":20},{"duration":1},{"duration":19},{"duration":20},{"duration":0}],"name":"领结右"},{"colorFrame":[{"tweenEasing":0,"duration":19},{"tweenEasing":0,"duration":20},{"tweenEasing":0,"duration":1},{"tweenEasing":0,"duration":19},{"tweenEasing":0,"duration":20},{"duration":0}],"displayFrame":[{"duration":19},{"duration":20},{"duration":1},{"duration":19},{"duration":20},{"duration":0}],"name":"领结左"},{"colorFrame":[{"tweenEasing":0,"duration":19},{"tweenEasing":0,"duration":20},{"tweenEasing":0,"duration":1},{"tweenEasing":0,"duration":19},{"tweenEasing":0,"duration":20},{"duration":0}],"displayFrame":[{"duration":19},{"duration":20},{"duration":1},{"duration":19},{"duration":20},{"duration":0}],"name":"头"},{"colorFrame":[{"tweenEasing":0,"duration":19},{"tweenEasing":0,"duration":20},{"tweenEasing":0,"duration":1},{"tweenEasing":0,"duration":14},{"tweenEasing":0,"duration":1},{"tweenEasing":0,"duration":2},{"tweenEasing":0,"duration":1},{"tweenEasing":0,"duration":1},{"tweenEasing":0,"duration":2},{"tweenEasing":0,"duration":18},{"duration":0}],"displayFrame":[{"duration":19},{"duration":20},{"duration":1},{"duration":14},{"duration":1},{"duration":2},{"duration":1},{"duration":1},{"duration":2},{"duration":18},{"duration":0}],"name":"眉毛"},{"colorFrame":[{"tweenEasing":0,"duration":19},{"tweenEasing":0,"duration":20},{"tweenEasing":0,"duration":1},{"tweenEasing":0,"duration":14},{"tweenEasing":0,"duration":2},{"tweenEasing":0,"duration":1},{"tweenEasing":0,"color":{"aM":0},"duration":1},{"tweenEasing":0,"color":{"aM":0},"duration":1},{"tweenEasing":0,"duration":2},{"tweenEasing":0,"duration":18},{"duration":0}],"displayFrame":[{"duration":19},{"duration":20},{"duration":1},{"duration":14},{"duration":2},{"duration":1},{"duration":1},{"duration":1},{"duration":2},{"duration":18},{"duration":0}],"name":"眼睛"},{"colorFrame":[{"tweenEasing":0,"color":{"aM":0},"duration":56},{"tweenEasing":0,"color":{"aM":0},"duration":1},{"tweenEasing":0,"duration":1},{"tweenEasing":0,"duration":1},{"tweenEasing":0,"color":{"aM":0},"duration":20},{"color":{"aM":0},"duration":0}],"displayFrame":[{"duration":56},{"duration":1},{"duration":1},{"duration":1},{"duration":20},{"duration":0}],"name":"图层_1"}],"ffd":[],"bone":[{"rotateFrame":[{"tweenEasing":0,"duration":79},{"duration":0}],"scaleFrame":[{"tweenEasing":0,"duration":79},{"duration":0}],"name":"图层 2","translateFrame":[{"tweenEasing":0,"duration":79,"x":-5},{"duration":0,"x":-5}]},{"rotateFrame":[{"tweenEasing":0,"duration":19,"rotate":-36.46},{"tweenEasing":0,"duration":20,"rotate":-36.46},{"tweenEasing":0,"duration":1,"rotate":-36.46},{"tweenEasing":0,"duration":19,"rotate":-36.46},{"tweenEasing":0,"duration":20,"rotate":-36.46},{"duration":0,"rotate":-36.46}],"scaleFrame":[{"tweenEasing":0,"duration":19},{"tweenEasing":0,"duration":20},{"tweenEasing":0,"duration":1},{"tweenEasing":0,"duration":19},{"tweenEasing":0,"duration":20},{"duration":0}],"name":"右小腿","translateFrame":[{"y":-7.025,"tweenEasing":0,"duration":19,"x":18.125},{"y":-7.025,"tweenEasing":0,"duration":20,"x":18.125},{"y":-7.025,"tweenEasing":0,"duration":1,"x":18.125},{"y":-7.025,"tweenEasing":0,"duration":19,"x":18.125},{"y":-7.025,"tweenEasing":0,"duration":20,"x":18.125},{"y":-7.025,"duration":0,"x":18.125}]},{"rotateFrame":[{"tweenEasing":0,"duration":19,"rotate":-29.26},{"tweenEasing":0,"duration":20,"rotate":-29.26},{"tweenEasing":0,"duration":1,"rotate":-29.26},{"tweenEasing":0,"duration":19,"rotate":-29.26},{"tweenEasing":0,"duration":20,"rotate":-29.26},{"duration":0,"rotate":-29.26}],"scaleFrame":[{"tweenEasing":0,"duration":19},{"tweenEasing":0,"duration":20},{"tweenEasing":0,"duration":1},{"tweenEasing":0,"duration":19},{"tweenEasing":0,"duration":20},{"duration":0}],"name":"右大腿","translateFrame":[{"y":-7.225,"tweenEasing":0,"duration":19,"x":7.95},{"y":-7.225,"tweenEasing":0,"duration":20,"x":7.95},{"y":-7.225,"tweenEasing":0,"duration":1,"x":7.95},{"y":-7.225,"tweenEasing":0,"duration":19,"x":7.95},{"y":-7.225,"tweenEasing":0,"duration":20,"x":7.95},{"y":-7.225,"duration":0,"x":7.95}]},{"rotateFrame":[{"tweenEasing":0,"duration":19,"rotate":38.73},{"tweenEasing":0,"duration":20,"rotate":38.73},{"tweenEasing":0,"duration":1,"rotate":38.73},{"tweenEasing":0,"duration":19,"rotate":38.73},{"tweenEasing":0,"duration":20,"rotate":38.73},{"duration":0,"rotate":38.73}],"scaleFrame":[{"tweenEasing":0,"duration":19},{"tweenEasing":0,"duration":20},{"tweenEasing":0,"duration":1},{"tweenEasing":0,"duration":19},{"tweenEasing":0,"duration":20},{"duration":0}],"name":"左小腿","translateFrame":[{"y":3.775,"tweenEasing":0,"duration":19,"x":-32.7},{"y":3.775,"tweenEasing":0,"duration":20,"x":-32.7},{"y":3.775,"tweenEasing":0,"duration":1,"x":-32.7},{"y":3.775,"tweenEasing":0,"duration":19,"x":-32.7},{"y":3.775,"tweenEasing":0,"duration":20,"x":-32.7},{"y":3.775,"duration":0,"x":-32.7}]},{"rotateFrame":[{"tweenEasing":0,"duration":19,"rotate":38.73},{"tweenEasing":0,"duration":20,"rotate":38.73},{"tweenEasing":0,"duration":1,"rotate":38.73},{"tweenEasing":0,"duration":19,"rotate":38.73},{"tweenEasing":0,"duration":20,"rotate":38.73},{"duration":0,"rotate":38.73}],"scaleFrame":[{"tweenEasing":0,"duration":19},{"tweenEasing":0,"duration":20},{"tweenEasing":0,"duration":1},{"tweenEasing":0,"duration":19},{"tweenEasing":0,"duration":20},{"duration":0}],"name":"左大腿","translateFrame":[{"y":-5.125,"tweenEasing":0,"duration":19,"x":-20.975},{"y":-5.125,"tweenEasing":0,"duration":20,"x":-20.975},{"y":-5.125,"tweenEasing":0,"duration":1,"x":-20.975},{"y":-5.125,"tweenEasing":0,"duration":19,"x":-20.975},{"y":-5.125,"tweenEasing":0,"duration":20,"x":-20.975},{"y":-5.125,"duration":0,"x":-20.975}]},{"rotateFrame":[{"tweenEasing":0,"duration":19},{"tweenEasing":0,"duration":20,"rotate":-2.95},{"tweenEasing":0,"duration":1},{"tweenEasing":0,"duration":19},{"tweenEasing":0,"duration":20,"rotate":-2.95},{"duration":0}],"scaleFrame":[{"tweenEasing":0,"duration":19},{"tweenEasing":0,"duration":20},{"tweenEasing":0,"duration":1},{"tweenEasing":0,"duration":19},{"tweenEasing":0,"duration":20},{"duration":0}],"name":"肩带后","translateFrame":[{"y":-5,"tweenEasing":0,"duration":19,"x":-8},{"y":-5.9,"tweenEasing":0,"duration":20,"x":-8.95},{"y":-5,"tweenEasing":0,"duration":1,"x":-8},{"y":-5,"tweenEasing":0,"duration":19,"x":-8},{"y":-5.9,"tweenEasing":0,"duration":20,"x":-8.95},{"y":-5,"duration":0,"x":-8}]},{"rotateFrame":[{"tweenEasing":0,"duration":19},{"tweenEasing":0,"duration":20},{"tweenEasing":0,"duration":1},{"tweenEasing":0,"duration":19},{"tweenEasing":0,"duration":20},{"duration":0}],"scaleFrame":[{"tweenEasing":0,"duration":19},{"y":1.05,"tweenEasing":0,"duration":20},{"tweenEasing":0,"duration":1},{"tweenEasing":0,"duration":19},{"y":1.05,"tweenEasing":0,"duration":20},{"duration":0}],"name":"躯干","translateFrame":[{"y":-5,"tweenEasing":0,"duration":19,"x":-8},{"y":-8.6,"tweenEasing":0,"duration":20,"x":-8},{"y":-5,"tweenEasing":0,"duration":1,"x":-8},{"y":-5,"tweenEasing":0,"duration":19,"x":-8},{"y":-8.6,"tweenEasing":0,"duration":20,"x":-8},{"y":-5,"duration":0,"x":-8}]},{"rotateFrame":[{"tweenEasing":0,"duration":19},{"tweenEasing":0,"duration":20,"rotate":-1.03},{"tweenEasing":0,"duration":1},{"tweenEasing":0,"duration":19},{"tweenEasing":0,"duration":20,"rotate":-1.03},{"duration":0}],"scaleFrame":[{"tweenEasing":0,"duration":19},{"tweenEasing":0,"duration":20,"x":1.01},{"tweenEasing":0,"duration":1},{"tweenEasing":0,"duration":19},{"tweenEasing":0,"duration":20,"x":1.01},{"duration":0}],"name":"肩带前","translateFrame":[{"y":-5,"tweenEasing":0,"duration":19,"x":-8},{"y":-7.75,"tweenEasing":0,"duration":20,"x":-9.05},{"y":-5,"tweenEasing":0,"duration":1,"x":-8},{"y":-5,"tweenEasing":0,"duration":19,"x":-8},{"y":-7.75,"tweenEasing":0,"duration":20,"x":-9.05},{"y":-5,"duration":0,"x":-8}]},{"rotateFrame":[{"tweenEasing":0,"duration":19},{"tweenEasing":0,"duration":20},{"tweenEasing":0,"duration":1},{"tweenEasing":0,"duration":19},{"tweenEasing":0,"duration":20},{"duration":0}],"scaleFrame":[{"tweenEasing":0,"duration":19},{"tweenEasing":0,"duration":20},{"tweenEasing":0,"duration":1},{"tweenEasing":0,"duration":19},{"tweenEasing":0,"duration":20},{"duration":0}],"name":"书","translateFrame":[{"y":-5,"tweenEasing":0,"duration":19,"x":-8},{"y":-7,"tweenEasing":0,"duration":20,"x":-5},{"y":-5,"tweenEasing":0,"duration":1,"x":-8},{"y":-5,"tweenEasing":0,"duration":19,"x":-8},{"y":-7,"tweenEasing":0,"duration":20,"x":-5},{"y":-5,"duration":0,"x":-8}]},{"rotateFrame":[{"tweenEasing":0,"duration":19,"rotate":16.73},{"tweenEasing":0,"duration":20,"rotate":26.43},{"tweenEasing":0,"duration":1,"rotate":16.73},{"tweenEasing":0,"duration":19,"rotate":16.73},{"tweenEasing":0,"duration":20,"rotate":26.43},{"duration":0,"rotate":16.73}],"scaleFrame":[{"tweenEasing":0,"duration":19},{"tweenEasing":0,"duration":20},{"tweenEasing":0,"duration":1},{"tweenEasing":0,"duration":19},{"tweenEasing":0,"duration":20},{"duration":0}],"name":"领结右","translateFrame":[{"y":-5.025,"tweenEasing":0,"duration":19,"x":-8.025},{"y":-10,"tweenEasing":0,"duration":20,"x":-9},{"y":-5.025,"tweenEasing":0,"duration":1,"x":-8.025},{"y":-5.025,"tweenEasing":0,"duration":19,"x":-8.025},{"y":-10,"tweenEasing":0,"duration":20,"x":-9},{"y":-5.025,"duration":0,"x":-8.025}]},{"rotateFrame":[{"tweenEasing":0,"duration":19,"rotate":-14.72},{"tweenEasing":0,"duration":20,"rotate":-18.42},{"tweenEasing":0,"duration":1,"rotate":-14.72},{"tweenEasing":0,"duration":19,"rotate":-14.72},{"tweenEasing":0,"duration":20,"rotate":-18.42},{"duration":0,"rotate":-14.72}],"scaleFrame":[{"tweenEasing":0,"duration":19},{"tweenEasing":0,"duration":20},{"tweenEasing":0,"duration":1},{"tweenEasing":0,"duration":19},{"tweenEasing":0,"duration":20},{"duration":0}],"name":"领结左","translateFrame":[{"y":-5.025,"tweenEasing":0,"duration":19,"x":-8},{"y":-10.025,"tweenEasing":0,"duration":20,"x":-7.975},{"y":-5.025,"tweenEasing":0,"duration":1,"x":-8},{"y":-5.025,"tweenEasing":0,"duration":19,"x":-8},{"y":-10.025,"tweenEasing":0,"duration":20,"x":-7.975},{"y":-5.025,"duration":0,"x":-8}]},{"rotateFrame":[{"tweenEasing":0,"duration":19,"rotate":5.21},{"tweenEasing":0,"duration":20,"rotate":6.44},{"tweenEasing":0,"duration":1,"rotate":5.21},{"tweenEasing":0,"duration":19,"rotate":5.21},{"tweenEasing":0,"duration":20,"rotate":6.44},{"duration":0,"rotate":5.21}],"scaleFrame":[{"tweenEasing":0,"duration":19},{"tweenEasing":0,"duration":20},{"tweenEasing":0,"duration":1},{"tweenEasing":0,"duration":19},{"tweenEasing":0,"duration":20},{"duration":0}],"name":"头","translateFrame":[{"y":-3.675,"tweenEasing":0,"duration":19,"x":-21.05},{"y":-8.2,"tweenEasing":0,"duration":20,"x":-22.65},{"y":-3.675,"tweenEasing":0,"duration":1,"x":-21.05},{"y":-3.675,"tweenEasing":0,"duration":19,"x":-21.05},{"y":-8.2,"tweenEasing":0,"duration":20,"x":-22.65},{"y":-3.675,"duration":0,"x":-21.05}]},{"rotateFrame":[{"tweenEasing":0,"duration":19,"rotate":5.21},{"tweenEasing":0,"duration":20,"rotate":6.44},{"tweenEasing":0,"duration":1,"rotate":5.21},{"tweenEasing":0,"duration":14,"rotate":5.21},{"tweenEasing":0,"duration":1,"rotate":5.96},{"tweenEasing":0,"duration":2,"rotate":6.01},{"tweenEasing":0,"duration":1,"rotate":6.21},{"tweenEasing":0,"duration":1,"rotate":6.21},{"tweenEasing":0,"duration":2,"rotate":6},{"tweenEasing":0,"duration":18,"rotate":6.24},{"duration":0,"rotate":5.21}],"scaleFrame":[{"tweenEasing":0,"duration":19},{"tweenEasing":0,"duration":20},{"tweenEasing":0,"duration":1},{"tweenEasing":0,"duration":14},{"tweenEasing":0,"duration":1},{"tweenEasing":0,"duration":2},{"tweenEasing":0,"duration":1},{"tweenEasing":0,"duration":1},{"tweenEasing":0,"duration":2},{"tweenEasing":0,"duration":18},{"duration":0}],"name":"眉毛","translateFrame":[{"y":-2.1,"tweenEasing":0,"duration":19,"x":-12.1},{"y":-6.175,"tweenEasing":0,"duration":20,"x":-11.65},{"y":-2.1,"tweenEasing":0,"duration":1,"x":-12.1},{"y":-2.1,"tweenEasing":0,"duration":14,"x":-12.1},{"y":-5.025,"tweenEasing":0,"duration":1,"x":-11.725},{"y":-2.8,"tweenEasing":0,"duration":2,"x":-10.75},{"y":3.05,"tweenEasing":0,"duration":1,"x":-8.975},{"y":3.05,"tweenEasing":0,"duration":1,"x":-8.975},{"y":0.15,"tweenEasing":0,"duration":2,"x":-9.825},{"y":-5.75,"tweenEasing":0,"duration":18,"x":-11.675},{"y":-2.1,"duration":0,"x":-12.1}]},{"rotateFrame":[{"tweenEasing":0,"duration":19,"rotate":5.21},{"tweenEasing":0,"duration":20,"rotate":6.44},{"tweenEasing":0,"duration":1,"rotate":5.21},{"tweenEasing":0,"duration":14,"rotate":5.21},{"tweenEasing":0,"duration":2,"rotate":6.15},{"tweenEasing":0,"duration":1,"rotate":6.17},{"tweenEasing":0,"duration":1,"rotate":6.41},{"tweenEasing":0,"duration":1,"rotate":6.41},{"tweenEasing":0,"duration":2,"rotate":6.17},{"tweenEasing":0,"duration":18,"rotate":6.4},{"duration":0,"rotate":5.21}],"scaleFrame":[{"tweenEasing":0,"duration":19},{"tweenEasing":0,"duration":20},{"tweenEasing":0,"duration":1},{"tweenEasing":0,"duration":14},{"tweenEasing":0,"duration":2},{"y":0.62,"tweenEasing":0,"duration":1},{"y":0.55,"tweenEasing":0,"duration":1},{"y":0.55,"tweenEasing":0,"duration":1},{"y":0.62,"tweenEasing":0,"duration":2},{"tweenEasing":0,"duration":18},{"duration":0}],"name":"眼睛","translateFrame":[{"y":-1.05,"tweenEasing":0,"duration":19,"x":-14.475},{"y":-4.875,"tweenEasing":0,"duration":20,"x":-14.6},{"y":-1.05,"tweenEasing":0,"duration":1,"x":-14.475},{"y":-1.05,"tweenEasing":0,"duration":14,"x":-14.475},{"y":-3.875,"tweenEasing":0,"duration":2,"x":-14.575},{"y":-4.55,"tweenEasing":0,"duration":1,"x":-15.025},{"y":-4.475,"tweenEasing":0,"duration":1,"x":-14.55},{"y":-4.475,"tweenEasing":0,"duration":1,"x":-14.55},{"y":-5.05,"tweenEasing":0,"duration":2,"x":-15.525},{"y":-4.4,"tweenEasing":0,"duration":18,"x":-14.55},{"y":-1.05,"duration":0,"x":-14.475}]},{"rotateFrame":[{"tweenEasing":0,"duration":56},{"tweenEasing":0,"duration":1},{"tweenEasing":0,"duration":1},{"tweenEasing":0,"duration":1},{"tweenEasing":0,"duration":20},{"duration":0}],"scaleFrame":[{"tweenEasing":0,"duration":56},{"tweenEasing":0,"duration":1},{"tweenEasing":0,"duration":1},{"tweenEasing":0,"duration":1},{"tweenEasing":0,"duration":20},{"duration":0}],"name":"图层_1","translateFrame":[{"tweenEasing":0,"duration":56},{"tweenEasing":0,"duration":1},{"tweenEasing":0,"duration":1},{"tweenEasing":0,"duration":1},{"tweenEasing":0,"duration":20},{"duration":0}]},{"rotateFrame":[],"scaleFrame":[],"name":"root","translateFrame":[]}],"fadeInTime":0.3,"name":"idle","duration":79,"playTimes":0}],"aabb":{"width":280.5,"y":-248.13569027297063,"height":276.03569027297067,"x":-145.81710152632593},"slot":[{"name":"图层 2","parent":"图层 2","color":{}},{"z":1,"name":"右小腿","parent":"右小腿","color":{}},{"z":2,"name":"右大腿","parent":"右大腿","color":{}},{"z":3,"name":"左小腿","parent":"左小腿","color":{}},{"z":4,"name":"左大腿","parent":"左大腿","color":{}},{"z":5,"name":"肩带后","parent":"肩带后","color":{}},{"z":6,"name":"躯干","parent":"躯干","color":{}},{"z":7,"name":"肩带前","parent":"肩带前","color":{}},{"z":8,"name":"书","parent":"书","color":{}},{"z":9,"name":"领结右","parent":"领结右","color":{}},{"z":10,"name":"领结左","parent":"领结左","color":{}},{"z":11,"name":"头","parent":"头","color":{}},{"z":12,"name":"眉毛","parent":"眉毛","color":{}},{"z":13,"name":"眼睛","parent":"眼睛","color":{}},{"z":14,"name":"图层_1","parent":"图层_1","color":{}}],"frameRate":30,"defaultActions":[{"gotoAndPlay":"walk"}]}],"name":"wan","version":"5.5"}