{"width":512,"imagePath":"wan_tex.png","height":256,"name":"wan","SubTexture":[{"frameHeight":53,"y":1,"frameX":0,"width":52,"frameY":0,"height":52,"name":"元件 6","frameWidth":53,"x":444},{"width":20,"y":145,"height":29,"name":"右小腿","x":424},{"width":27,"y":121,"height":25,"name":"右大腿","x":458},{"width":21,"y":121,"height":29,"name":"左小腿","x":487},{"width":32,"y":119,"height":24,"name":"左大腿","x":424},{"width":36,"y":119,"height":37,"name":"肩带后","x":386},{"width":100,"y":113,"height":84,"name":"躯干","x":284},{"frameHeight":37,"y":88,"frameX":0,"width":95,"frameY":-2,"height":29,"name":"肩带前","frameWidth":95,"x":386},{"width":81,"y":1,"height":110,"name":"书","x":284},{"width":28,"y":82,"height":37,"name":"领结右","x":483},{"width":24,"y":158,"height":24,"name":"领结左","x":386},{"width":281,"y":1,"height":170,"name":"头","x":1},{"width":58,"y":55,"height":25,"name":"眉毛","x":437},{"frameHeight":45,"y":1,"frameX":-1,"width":75,"frameY":-1,"height":42,"name":"元件 3","frameWidth":77,"x":367},{"width":68,"y":45,"height":41,"name":"元件 4","x":367}]}