{"width":1024,"SubTexture":[{"width":159,"y":1,"height":270,"name":"元件 14","x":473},{"width":131,"y":200,"height":247,"name":"元件 11","x":816},{"width":45,"y":273,"height":64,"name":"元件 13","x":473},{"width":71,"y":884,"height":39,"name":"元件 12","x":1},{"width":470,"y":1,"height":281,"name":"元件 6","x":1},{"width":181,"y":1,"height":197,"name":"元件 4","x":816},{"width":310,"y":284,"height":97,"name":"元件 3","x":1},{"width":148,"y":228,"height":217,"name":"元件 2","x":634},{"width":520,"y":449,"height":61,"name":"元件 1","x":1},{"width":143,"y":449,"height":201,"name":"元件 18","x":824},{"width":180,"y":1,"height":225,"name":"元件 9","x":634},{"width":147,"y":447,"height":216,"name":"元件 10","x":523},{"width":133,"y":652,"height":195,"name":"元件 25","x":824},{"width":82,"y":665,"height":221,"name":"元件 34","x":108},{"width":105,"y":665,"height":217,"name":"元件 26","x":1},{"width":117,"y":660,"height":220,"name":"元件 35","x":672},{"width":150,"y":449,"height":209,"name":"元件 36","x":672},{"width":53,"y":200,"height":235,"name":"元件 32","x":949},{"width":26,"y":884,"height":27,"name":"dfgjxsb","x":74},{"width":24,"y":311,"height":26,"name":"fdjcbb","x":784},{"width":24,"y":1,"height":27,"name":"hrdhjyj","x":999},{"width":25,"y":284,"height":25,"name":"jkiliuy","x":784},{"width":25,"y":228,"height":27,"name":"uikldzfb","x":784},{"width":25,"y":257,"height":25,"name":"gfdhser","x":784},{"width":23,"y":339,"height":26,"name":"vmrsm","x":784}],"height":1024,"name":"tujian","imagePath":"tujian_tex.png"}