{"width":1024,"imagePath":"xiaolan_tex.png","height":1024,"name":"xiaolan","SubTexture":[{"width":131,"y":1,"height":132,"name":"小蓝瓶子","x":863},{"width":44,"y":135,"height":82,"name":"小蓝宝石2","x":973},{"width":36,"y":349,"height":52,"name":"小蓝宝石","x":878},{"width":605,"y":1,"height":587,"name":"小蓝书堆","x":1},{"width":120,"y":316,"height":96,"name":"小蓝卷轴","x":608},{"width":94,"y":349,"height":92,"name":"小蓝身体","x":730},{"width":206,"y":219,"height":95,"name":"小蓝脑袋","x":608},{"width":33,"y":401,"height":45,"name":"小蓝脚2","x":826},{"width":37,"y":389,"height":41,"name":"小蓝脚","x":916},{"width":253,"y":1,"height":216,"name":"小蓝帽子","x":608},{"width":57,"y":258,"height":76,"name":"小蓝书页","x":960},{"width":142,"y":258,"height":89,"name":"小蓝书","x":816},{"width":41,"y":349,"height":38,"name":"小精灵头发","x":916},{"width":56,"y":336,"height":60,"name":"小精灵帽子","x":960},{"width":108,"y":135,"height":121,"name":"小精灵","x":863},{"width":48,"y":335,"height":11,"name":"小精灵闭眼","x":730},{"width":47,"y":219,"height":28,"name":"小精灵眼睛1","x":973},{"width":48,"y":316,"height":17,"name":"小精灵眼睛2","x":730},{"width":87,"y":414,"height":49,"name":"小精灵眼镜","x":608},{"width":50,"y":349,"height":50,"name":"星星","x":826},{"width":25,"y":219,"height":25,"name":"无标题-1","x":816},{"width":25,"y":316,"height":25,"name":"xx1","x":780}]}