{"frameRate":30,"armature":[{"aabb":{"width":604.5,"y":-473.87098048610665,"height":754.0184366309857,"x":-327.49768820706237},"type":"Armature","ik":[],"animation":[{"ffd":[],"playTimes":0,"fadeInTime":0.3,"duration":159,"ik":[],"frame":[],"bone":[{"rotateFrame":[{"tweenEasing":0,"duration":12},{"tweenEasing":0,"duration":72},{"tweenEasing":0,"duration":75},{"duration":0}],"name":"root","translateFrame":[{"duration":12},{"tweenEasing":0,"duration":40},{"tweenEasing":0,"duration":32},{"tweenEasing":0,"duration":75},{"duration":0}],"scaleFrame":[{"duration":12},{"tweenEasing":0,"duration":72},{"duration":75}]},{"rotateFrame":[{"tweenEasing":0,"duration":40},{"tweenEasing":0,"duration":32,"rotate":1.9855},{"tweenEasing":0,"duration":48},{"tweenEasing":0,"duration":39,"rotate":1.9855},{"duration":0,"rotate":0.0496}],"name":"小蓝书页","translateFrame":[{"tweenEasing":0,"duration":64},{"tweenEasing":0,"duration":8},{"tweenEasing":0,"duration":48},{"tweenEasing":0,"duration":39},{"duration":0}],"scaleFrame":[{"tweenEasing":0,"duration":72},{"tweenEasing":0,"duration":48},{"duration":39}]},{"rotateFrame":[{"tweenEasing":0,"duration":20},{"tweenEasing":0,"duration":20,"rotate":7.7595},{"tweenEasing":0,"duration":20,"rotate":0.3834},{"tweenEasing":0,"duration":20,"rotate":-5.7623},{"tweenEasing":0,"duration":20},{"tweenEasing":0,"duration":20,"rotate":7.7595},{"tweenEasing":0,"duration":20,"rotate":0.3834},{"tweenEasing":0,"duration":18,"rotate":-5.7623},{"tweenEasing":0,"duration":1,"rotate":-0.5762},{"duration":0,"rotate":-0.5762}],"name":"小蓝帽子","translateFrame":[{"tweenEasing":0,"duration":20},{"y":4.1062,"tweenEasing":0,"duration":20,"x":-5.80815},{"y":0.0395,"tweenEasing":0,"duration":20,"x":2.1597},{"y":-3.786,"tweenEasing":0,"duration":20,"x":-5.8744},{"tweenEasing":0,"duration":20},{"y":4.1062,"tweenEasing":0,"duration":20,"x":-5.80815},{"y":0.0395,"tweenEasing":0,"duration":20,"x":2.1597},{"y":-3.786,"tweenEasing":0,"duration":18,"x":-5.8744},{"y":-0.3786,"tweenEasing":0,"duration":1,"x":-0.58745},{"y":-0.3786,"duration":0,"x":-0.58745}],"scaleFrame":[{"tweenEasing":0,"duration":40},{"tweenEasing":0,"duration":20},{"tweenEasing":0,"duration":20},{"tweenEasing":0,"duration":20},{"tweenEasing":0,"duration":20},{"tweenEasing":0,"duration":20},{"tweenEasing":0,"duration":18},{"duration":1}]},{"rotateFrame":[{"tweenEasing":0,"duration":20},{"tweenEasing":0,"duration":20,"rotate":6.6828},{"tweenEasing":0,"duration":20},{"tweenEasing":0,"duration":20},{"tweenEasing":0,"duration":20},{"tweenEasing":0,"duration":19,"rotate":6.6828},{"tweenEasing":0,"duration":40},{"duration":0}],"name":"小蓝帽子1","translateFrame":[{"tweenEasing":0,"duration":40},{"tweenEasing":0,"duration":20},{"tweenEasing":0,"duration":20},{"tweenEasing":0,"duration":39},{"tweenEasing":0,"duration":40},{"duration":0}],"scaleFrame":[{"tweenEasing":0,"duration":40},{"tweenEasing":0,"duration":20},{"tweenEasing":0,"duration":20},{"tweenEasing":0,"duration":39},{"duration":40}]},{"rotateFrame":[{"tweenEasing":0,"duration":20},{"tweenEasing":0,"duration":20,"rotate":-0.2427},{"tweenEasing":0,"duration":20},{"tweenEasing":0,"duration":20,"rotate":-0.2427},{"tweenEasing":0,"duration":20,"rotate":-0.2427},{"tweenEasing":0,"duration":20,"rotate":1.4825},{"tweenEasing":0,"duration":21,"rotate":-0.2427},{"tweenEasing":0,"duration":18,"rotate":-0.2427},{"duration":0,"rotate":-0.0128}],"name":"小蓝帽子2","translateFrame":[{"tweenEasing":0,"duration":20},{"y":2.45025,"tweenEasing":0,"duration":20,"x":-1.5466},{"tweenEasing":0,"duration":20},{"y":2.45025,"tweenEasing":0,"duration":20,"x":-1.5466},{"y":2.45025,"tweenEasing":0,"duration":20,"x":-1.5466},{"tweenEasing":0,"duration":20},{"y":2.45025,"tweenEasing":0,"duration":21,"x":-1.5466},{"y":2.45025,"tweenEasing":0,"duration":18,"x":-1.5466},{"y":0.12895,"duration":0,"x":-0.0814}],"scaleFrame":[{"tweenEasing":0,"duration":40},{"tweenEasing":0,"duration":20},{"tweenEasing":0,"duration":40},{"tweenEasing":0,"duration":20},{"duration":39}]},{"rotateFrame":[{"tweenEasing":0,"duration":20},{"tweenEasing":0,"duration":20,"rotate":-28.6477},{"tweenEasing":0,"duration":20},{"tweenEasing":0,"duration":20,"rotate":32.4936},{"tweenEasing":0,"duration":20},{"tweenEasing":0,"duration":20,"rotate":-28.6477},{"tweenEasing":0,"duration":20},{"tweenEasing":0,"duration":19,"rotate":32.4936},{"duration":0,"rotate":1.6247}],"name":"小蓝脚2","translateFrame":[{"tweenEasing":0,"duration":20},{"y":-2.3489,"tweenEasing":0,"duration":20,"x":0.00225},{"tweenEasing":0,"duration":20},{"y":-0.0096,"tweenEasing":0,"duration":20,"x":-1.81265},{"tweenEasing":0,"duration":20},{"y":-2.3489,"tweenEasing":0,"duration":20,"x":0.00225},{"tweenEasing":0,"duration":20},{"y":-0.0096,"tweenEasing":0,"duration":19,"x":-1.81265},{"y":-0.0005,"duration":0,"x":-0.09065}],"scaleFrame":[{"tweenEasing":0,"duration":20},{"tweenEasing":0,"duration":20},{"tweenEasing":0,"duration":20},{"tweenEasing":0,"duration":20},{"tweenEasing":0,"duration":20},{"tweenEasing":0,"duration":20},{"tweenEasing":0,"duration":20},{"duration":19}]},{"rotateFrame":[{"tweenEasing":0,"duration":64},{"tweenEasing":0,"duration":8},{"tweenEasing":0,"duration":48},{"tweenEasing":0,"duration":39},{"duration":0}],"name":"小蓝脚","translateFrame":[{"tweenEasing":0,"duration":72},{"tweenEasing":0,"duration":48},{"tweenEasing":0,"duration":39},{"duration":0}],"scaleFrame":[{"tweenEasing":0,"duration":60},{"tweenEasing":0,"duration":12,"x":1.0512},{"tweenEasing":0,"duration":48},{"duration":39}]},{"rotateFrame":[{"tweenEasing":0,"duration":20,"rotate":-20.5863},{"tweenEasing":0,"duration":20,"rotate":0.9167},{"tweenEasing":0,"duration":20,"rotate":-20.5863},{"tweenEasing":0,"duration":20,"rotate":-38.7109},{"tweenEasing":0,"duration":20,"rotate":-20.5863},{"tweenEasing":0,"duration":20,"rotate":0.9167},{"tweenEasing":0,"duration":20,"rotate":-20.5863},{"tweenEasing":0,"duration":19,"rotate":-38.7109},{"duration":0,"rotate":-21.4926}],"name":"小蓝脚1","translateFrame":[{"tweenEasing":0,"duration":20},{"y":-0.3169,"tweenEasing":0,"duration":20,"x":3.42005},{"tweenEasing":0,"duration":20},{"tweenEasing":0,"duration":20},{"tweenEasing":0,"duration":20},{"y":-0.0096,"tweenEasing":0,"duration":20,"x":-1.81265},{"tweenEasing":0,"duration":20},{"tweenEasing":0,"duration":19},{"duration":0}],"scaleFrame":[{"tweenEasing":0,"duration":20},{"tweenEasing":0,"duration":20},{"tweenEasing":0,"duration":20},{"tweenEasing":0,"duration":20},{"tweenEasing":0,"duration":20},{"tweenEasing":0,"duration":20},{"tweenEasing":0,"duration":20},{"duration":19}]},{"rotateFrame":[{"tweenEasing":0,"duration":40},{"tweenEasing":0,"duration":40,"rotate":-1.6875},{"tweenEasing":0,"duration":40},{"tweenEasing":0,"duration":39,"rotate":-1.6875},{"duration":0,"rotate":-0.0422}],"name":"小蓝卷轴","translateFrame":[{"tweenEasing":0,"duration":40},{"tweenEasing":0,"duration":40},{"tweenEasing":0,"duration":40},{"tweenEasing":0,"duration":39},{"duration":0}],"scaleFrame":[{"tweenEasing":0,"duration":40},{"tweenEasing":0,"duration":40},{"tweenEasing":0,"duration":40},{"duration":39}]},{"rotateFrame":[{"tweenEasing":0,"duration":40},{"tweenEasing":0,"duration":40,"rotate":-4.3308},{"tweenEasing":0,"duration":40},{"tweenEasing":0,"duration":39,"rotate":-4.3308},{"duration":0,"rotate":-0.1083}],"name":"小蓝卷轴1","translateFrame":[{"tweenEasing":0,"duration":80},{"tweenEasing":0,"duration":79},{"duration":0}],"scaleFrame":[{"tweenEasing":0,"duration":80},{"duration":79}]},{"rotateFrame":[{"tweenEasing":0,"duration":40},{"tweenEasing":0,"duration":40,"rotate":-7.431},{"tweenEasing":0,"duration":40},{"tweenEasing":0,"duration":39,"rotate":-7.431},{"duration":0,"rotate":-0.1858}],"name":"小蓝卷轴2","translateFrame":[{"tweenEasing":0,"duration":80},{"tweenEasing":0,"duration":79},{"duration":0}],"scaleFrame":[{"tweenEasing":0,"duration":80},{"duration":79}]},{"rotateFrame":[{"duration":159},{"duration":0}],"name":"小精灵","translateFrame":[{"duration":159},{"duration":0}],"scaleFrame":[]},{"rotateFrame":[{"tweenEasing":0,"duration":30},{"tweenEasing":0,"duration":6},{"tweenEasing":0,"duration":8,"rotate":-0.7906},{"tweenEasing":0,"duration":1,"rotate":-12.2692},{"tweenEasing":0,"duration":5,"rotate":-12.2692},{"tweenEasing":0,"duration":6,"rotate":11.5781},{"tweenEasing":0,"duration":4,"rotate":-5.3712},{"tweenEasing":0,"duration":38,"rotate":-2.4957},{"tweenEasing":0,"duration":32,"rotate":-1.3883},{"tweenEasing":0,"duration":29,"rotate":-2.4957},{"duration":0}],"name":"小精灵帽子","translateFrame":[{"tweenEasing":0,"duration":30},{"tweenEasing":0,"duration":20},{"y":3.499,"tweenEasing":0,"duration":109,"x":-1.313},{"duration":0}],"scaleFrame":[{"tweenEasing":0,"duration":30},{"tweenEasing":0,"duration":129},{"duration":0}]},{"rotateFrame":[{"duration":30},{"tweenEasing":0,"duration":6},{"tweenEasing":0,"duration":9,"rotate":5.4255},{"tweenEasing":0,"duration":5,"rotate":-7.5056},{"tweenEasing":0,"duration":7,"rotate":8.2313},{"tweenEasing":0,"duration":7,"rotate":-7.5056},{"tweenEasing":0,"duration":95},{"duration":0}],"name":"小精灵头发","translateFrame":[{"duration":30},{"tweenEasing":0,"duration":6},{"tweenEasing":0,"duration":28},{"tweenEasing":0,"duration":95},{"duration":0}],"scaleFrame":[{"duration":159},{"duration":0}]},{"rotateFrame":[{"tweenEasing":0,"duration":20},{"tweenEasing":0,"duration":52},{"tweenEasing":0,"duration":87},{"duration":0}],"name":"小蓝宝石","translateFrame":[{"tweenEasing":0,"duration":72},{"tweenEasing":0,"duration":87},{"duration":0}],"scaleFrame":[{"tweenEasing":0,"duration":72},{"duration":87}]},{"rotateFrame":[{"tweenEasing":0,"duration":20},{"tweenEasing":0,"duration":52},{"tweenEasing":0,"duration":87},{"duration":0}],"name":"小蓝宝石1","translateFrame":[{"tweenEasing":0,"duration":72},{"tweenEasing":0,"duration":87},{"duration":0}],"scaleFrame":[{"tweenEasing":0,"duration":72},{"duration":87}]},{"rotateFrame":[{"tweenEasing":0,"duration":20},{"tweenEasing":0,"duration":52},{"tweenEasing":0,"duration":87},{"duration":0}],"name":"小蓝宝石2","translateFrame":[{"tweenEasing":0,"duration":72},{"tweenEasing":0,"duration":87},{"duration":0}],"scaleFrame":[{"tweenEasing":0,"duration":72},{"duration":87}]},{"rotateFrame":[{"tweenEasing":0,"duration":72},{"tweenEasing":0,"duration":87},{"duration":0}],"name":"小蓝书堆","translateFrame":[{"tweenEasing":0,"duration":72},{"tweenEasing":0,"duration":87},{"duration":0}],"scaleFrame":[{"tweenEasing":0,"duration":72},{"duration":87}]},{"rotateFrame":[{"tweenEasing":0,"duration":72},{"tweenEasing":0,"duration":87},{"duration":0}],"name":"小蓝书堆1","translateFrame":[{"tweenEasing":0,"duration":72},{"tweenEasing":0,"duration":87},{"duration":0}],"scaleFrame":[{"tweenEasing":0,"duration":72},{"duration":87}]},{"rotateFrame":[{"tweenEasing":0,"duration":72},{"tweenEasing":0,"duration":87},{"duration":0}],"name":"小蓝书堆2","translateFrame":[{"tweenEasing":0,"duration":72},{"tweenEasing":0,"duration":87},{"duration":0}],"scaleFrame":[{"tweenEasing":0,"duration":72},{"duration":87}]},{"rotateFrame":[{"tweenEasing":0,"duration":159},{"duration":0}],"name":"小精灵帽子1","translateFrame":[{"tweenEasing":0,"duration":159},{"duration":0}],"scaleFrame":[{"duration":159}]},{"rotateFrame":[{"tweenEasing":0,"duration":30,"rotate":11.6143},{"tweenEasing":0,"duration":14,"rotate":11.6143},{"tweenEasing":0,"duration":1,"rotate":-8.5974},{"tweenEasing":0,"duration":114,"rotate":11.6143},{"duration":0,"rotate":11.6143}],"name":"小蓝书页1","translateFrame":[{"tweenEasing":0,"duration":30},{"tweenEasing":0,"duration":14},{"tweenEasing":0,"duration":1},{"tweenEasing":0,"duration":114},{"duration":0}],"scaleFrame":[{"y":1.3,"tweenEasing":0,"duration":30},{"y":1.3,"tweenEasing":0,"duration":8},{"y":0.55,"tweenEasing":0,"duration":6,"x":1.25},{"y":-0.7,"tweenEasing":0,"duration":1},{"y":1.3,"duration":114}]},{"rotateFrame":[{"tweenEasing":0,"duration":120},{"tweenEasing":0,"duration":39},{"duration":0}],"name":"小蓝身体","translateFrame":[{"tweenEasing":0,"duration":120},{"tweenEasing":0,"duration":39},{"duration":0}],"scaleFrame":[{"tweenEasing":0,"duration":120},{"duration":39}]},{"rotateFrame":[{"tweenEasing":0,"duration":120},{"tweenEasing":0,"duration":39},{"duration":0}],"name":"小蓝书页2","translateFrame":[{"tweenEasing":0,"duration":120},{"tweenEasing":0,"duration":39},{"duration":0}],"scaleFrame":[{"tweenEasing":0,"duration":120},{"duration":39}]},{"rotateFrame":[{"tweenEasing":0,"duration":120},{"tweenEasing":0,"duration":39},{"duration":0}],"name":"小蓝书页3","translateFrame":[{"tweenEasing":0,"duration":120},{"tweenEasing":0,"duration":39},{"duration":0}],"scaleFrame":[{"tweenEasing":0,"duration":120},{"duration":39}]},{"rotateFrame":[{"tweenEasing":0,"duration":120},{"tweenEasing":0,"duration":39},{"duration":0}],"name":"小蓝书页4","translateFrame":[{"tweenEasing":0,"duration":120},{"tweenEasing":0,"duration":39},{"duration":0}],"scaleFrame":[{"tweenEasing":0,"duration":120},{"duration":39}]},{"rotateFrame":[{"tweenEasing":0,"duration":20},{"tweenEasing":0,"duration":110},{"tweenEasing":0,"duration":29},{"duration":0}],"name":"xx1","translateFrame":[{"tweenEasing":0,"duration":20},{"tweenEasing":0,"duration":40},{"y":-18.34665,"tweenEasing":0,"duration":70},{"y":-50.4533,"tweenEasing":0,"duration":29},{"y":-50.4533,"duration":0}],"scaleFrame":[{"tweenEasing":0,"duration":20},{"y":0.5,"tweenEasing":0,"duration":54,"x":0.5},{"tweenEasing":0,"duration":56},{"y":0.5,"duration":29,"x":0.5}]},{"rotateFrame":[{"tweenEasing":0,"duration":12},{"tweenEasing":0,"duration":72},{"tweenEasing":0,"duration":75},{"duration":0}],"name":"小蓝书堆6","translateFrame":[{"tweenEasing":0,"duration":12},{"tweenEasing":0,"duration":48},{"y":-49.11215,"tweenEasing":0,"duration":24},{"y":-73.6682,"tweenEasing":0,"duration":75},{"y":-73.6682,"duration":0}],"scaleFrame":[{"tweenEasing":0,"duration":12},{"y":0.5,"tweenEasing":0,"duration":33,"x":0.5},{"tweenEasing":0,"duration":39},{"y":0.5,"duration":75,"x":0.5}]},{"rotateFrame":[{"tweenEasing":0,"duration":20},{"tweenEasing":0,"duration":68},{"tweenEasing":0,"duration":20},{"tweenEasing":0,"duration":51},{"duration":0}],"name":"xx11","translateFrame":[{"y":39.3754,"tweenEasing":0,"duration":60},{"y":-21.1582,"tweenEasing":0,"duration":12},{"y":-33.2649,"tweenEasing":0,"duration":16},{"y":39.3754,"tweenEasing":0,"duration":71},{"y":-32.25605,"duration":0}],"scaleFrame":[{"y":0.5,"tweenEasing":0,"duration":35,"x":0.5},{"tweenEasing":0,"duration":37},{"y":0.35,"tweenEasing":0,"duration":16,"x":0.35},{"y":0.5,"tweenEasing":0,"duration":35,"x":0.5},{"duration":36}]},{"rotateFrame":[{"tweenEasing":0,"duration":70},{"tweenEasing":0,"duration":20},{"tweenEasing":0,"duration":69},{"duration":0}],"name":"无标题-1","translateFrame":[{"tweenEasing":0,"duration":60},{"y":-36.1293,"tweenEasing":0,"duration":10},{"y":-42.15085,"tweenEasing":0,"duration":16},{"y":-68.5822,"tweenEasing":0,"duration":4,"x":24.19915},{"y":-50.11565,"tweenEasing":0,"duration":69,"x":13.2705},{"y":-126.27725,"duration":0,"x":22.4821}],"scaleFrame":[{"tweenEasing":0,"duration":70},{"tweenEasing":0,"duration":20},{"duration":69}]},{"rotateFrame":[{"tweenEasing":0,"duration":30},{"tweenEasing":0,"duration":6},{"tweenEasing":0,"duration":14},{"tweenEasing":0,"duration":7},{"tweenEasing":0,"duration":4},{"tweenEasing":0,"duration":7},{"tweenEasing":0,"duration":91},{"duration":0}],"name":"小精灵1","translateFrame":[{"tweenEasing":0,"duration":30},{"tweenEasing":0,"duration":6},{"y":4.52305,"tweenEasing":0,"duration":8},{"y":-67.7636,"tweenEasing":0,"duration":1},{"y":-67.7636,"tweenEasing":0,"duration":5},{"y":3.91085,"tweenEasing":0,"duration":7},{"y":0.2714,"tweenEasing":0,"duration":4},{"y":0.3877,"tweenEasing":0,"duration":7},{"tweenEasing":0,"duration":91},{"duration":0}],"scaleFrame":[{"tweenEasing":0,"duration":30,"x":0.96},{"tweenEasing":0,"duration":6},{"y":1.3,"tweenEasing":0,"duration":8,"x":0.85},{"y":0.9,"tweenEasing":0,"duration":1,"x":1.26},{"y":0.9,"tweenEasing":0,"duration":5,"x":1.26},{"y":1.15,"tweenEasing":0,"duration":7,"x":0.8},{"tweenEasing":0,"duration":4,"x":1.08},{"y":1.0429,"tweenEasing":0,"duration":7,"x":0.9714},{"tweenEasing":0,"duration":30},{"tweenEasing":0,"duration":32,"x":0.96},{"tweenEasing":0,"duration":29},{"duration":0,"x":0.9613}]},{"rotateFrame":[{"duration":159},{"duration":0}],"name":"小精灵2","translateFrame":[{"duration":159},{"duration":0}],"scaleFrame":[]},{"rotateFrame":[{"tweenEasing":0,"duration":40},{"tweenEasing":0,"duration":40,"rotate":-8.551},{"tweenEasing":0,"duration":40},{"tweenEasing":0,"duration":39,"rotate":-8.551},{"duration":0,"rotate":-0.2138}],"name":"小蓝身体1","translateFrame":[{"tweenEasing":0,"duration":80},{"tweenEasing":0,"duration":79},{"duration":0}],"scaleFrame":[{"tweenEasing":0,"duration":80},{"duration":79}]},{"rotateFrame":[{"duration":159},{"duration":0}],"name":"小蓝帽子3","translateFrame":[{"duration":159},{"duration":0}],"scaleFrame":[]},{"rotateFrame":[{"tweenEasing":0,"duration":60},{"tweenEasing":0,"duration":40},{"tweenEasing":0,"duration":59,"rotate":49.7402},{"duration":0,"rotate":0.829}],"name":"小蓝书堆3","translateFrame":[{"tweenEasing":0,"duration":60},{"tweenEasing":0,"duration":40},{"tweenEasing":0,"duration":59},{"duration":0}],"scaleFrame":[{"tweenEasing":0,"duration":60},{"y":0.5,"tweenEasing":0,"duration":40,"x":0.5},{"duration":59}]}],"slot":[{"colorFrame":[],"displayFrame":[{"value":2,"duration":32},{"value":2,"duration":2},{"duration":2},{"value":1,"duration":2},{"duration":2},{"value":2,"duration":12},{"value":2,"duration":2},{"duration":2},{"value":1,"duration":2},{"duration":2},{"value":2,"duration":56},{"value":2,"duration":2},{"duration":2},{"value":1,"duration":2},{"duration":2},{"value":2,"duration":35}],"name":"小精灵眼睛2"},{"colorFrame":[],"displayFrame":[],"name":"小精灵"},{"colorFrame":[],"displayFrame":[],"name":"小精灵眼镜"},{"colorFrame":[],"displayFrame":[],"name":"小精灵闭眼"},{"colorFrame":[],"displayFrame":[],"name":"小蓝书"},{"colorFrame":[],"displayFrame":[],"name":"小蓝卷轴"},{"colorFrame":[],"displayFrame":[],"name":"小蓝宝石"},{"colorFrame":[],"displayFrame":[],"name":"小蓝宝石2"},{"colorFrame":[],"displayFrame":[],"name":"小蓝帽子"},{"colorFrame":[],"displayFrame":[],"name":"小蓝瓶子"},{"colorFrame":[],"displayFrame":[],"name":"小蓝脑袋"},{"colorFrame":[],"displayFrame":[],"name":"小蓝脚"},{"colorFrame":[],"displayFrame":[],"name":"小蓝脚2"},{"colorFrame":[],"displayFrame":[],"name":"小蓝身体"},{"colorFrame":[],"displayFrame":[],"name":"小精灵头发"},{"colorFrame":[],"displayFrame":[],"name":"小精灵帽子"},{"colorFrame":[{"tweenEasing":0,"color":{"aM":0},"duration":30},{"tweenEasing":0,"color":{"aM":0},"duration":1},{"tweenEasing":0,"duration":13},{"tweenEasing":0,"duration":1},{"tweenEasing":0,"color":{"aM":0},"duration":49},{"tweenEasing":0,"color":{"aM":0},"duration":2},{"tweenEasing":0,"duration":8},{"tweenEasing":0,"duration":6},{"tweenEasing":0,"duration":2},{"color":{"aM":0},"duration":47}],"displayFrame":[],"name":"小蓝书页"},{"colorFrame":[{"tweenEasing":0,"color":{"aM":0},"duration":25},{"tweenEasing":0,"color":{"bM":53,"gM":86},"duration":25},{"tweenEasing":0,"color":{"aM":0,"bM":53,"gM":86},"duration":25},{"tweenEasing":0,"color":{"aM":0,"bM":53,"gM":86},"duration":31},{"tweenEasing":0,"color":{"bM":53,"gM":86},"duration":25},{"tweenEasing":0,"color":{"aM":0,"bM":53,"gM":86},"duration":25},{"color":{"aM":0,"bM":53,"gM":86},"duration":3}],"displayFrame":[],"name":"星星"},{"colorFrame":[{"tweenEasing":0,"color":{"aM":0,"bM":28,"gM":71},"duration":19},{"tweenEasing":0,"color":{"aM":0,"bM":28,"gM":71},"duration":1},{"tweenEasing":0,"color":{"aM":0,"bM":28,"gM":71},"duration":54},{"tweenEasing":0,"color":{"bM":28,"gM":71},"duration":56},{"color":{"aM":0,"bM":28,"gM":71},"duration":29}],"displayFrame":[{"duration":159}],"name":"xx1"},{"colorFrame":[{"tweenEasing":0,"color":{"aM":0},"duration":37},{"tweenEasing":0,"color":{"aM":0},"duration":33},{"tweenEasing":0,"color":{"aM":75,"bM":45,"gM":93},"duration":35},{"color":{"aM":0,"bM":45,"gM":93},"duration":54}],"displayFrame":[],"name":"星星1"},{"colorFrame":[{"tweenEasing":0,"color":{"aM":0},"duration":12},{"tweenEasing":0,"color":{"aM":0,"bM":28,"gM":71},"duration":35},{"tweenEasing":0,"color":{"bM":28,"gM":71},"duration":37},{"color":{"aM":0,"bM":28,"gM":71},"duration":75}],"displayFrame":[{"duration":159}],"name":"xx12"},{"colorFrame":[{"tweenEasing":0,"color":{"aM":0},"duration":35},{"tweenEasing":0,"color":{"bM":88,"gM":95},"duration":37},{"tweenEasing":0,"color":{"aM":0,"bM":76,"gM":90},"duration":16},{"tweenEasing":0,"color":{"aM":0},"duration":35},{"color":{"bM":88,"gM":95},"duration":36}],"displayFrame":[{"duration":72},{"duration":87}],"name":"xx11"},{"colorFrame":[],"displayFrame":[],"name":"小蓝书堆"},{"colorFrame":[{"tweenEasing":0,"color":{"aM":0},"duration":36},{"tweenEasing":0,"duration":34},{"tweenEasing":0,"color":{"aM":0},"duration":20},{"tweenEasing":0,"color":{"aM":0},"duration":36},{"duration":33}],"displayFrame":[],"name":"无标题-1"},{"colorFrame":[{"tweenEasing":0,"color":{"aM":0},"duration":20},{"tweenEasing":0,"color":{"aM":0},"duration":20},{"tweenEasing":0,"color":{"aM":37},"duration":20},{"tweenEasing":0,"color":{"aM":0},"duration":28},{"tweenEasing":0,"color":{"aM":0},"duration":20},{"tweenEasing":0,"color":{"aM":37},"duration":20},{"color":{"aM":0},"duration":31}],"displayFrame":[],"name":"无标题-11"},{"colorFrame":[{"tweenEasing":0,"color":{"aM":0},"duration":60},{"tweenEasing":0,"color":{"aM":0},"duration":20},{"tweenEasing":0,"color":{"bM":72,"gM":91},"duration":20},{"color":{"aM":0},"duration":59}],"displayFrame":[],"name":"星星2"}],"name":"start"}],"bone":[{"name":"root","transform":{"y":5.48915,"x":-24.8727}},{"length":41,"transform":{"y":-229.56415,"skX":-91.048,"skY":-91.048,"x":87.8977},"parent":"root","name":"小蓝书页"},{"transform":{"y":-122.76415,"x":-114.5273},"name":"小蓝宝石","parent":"root"},{"transform":{"y":-111.03915,"x":-109.9773},"name":"小蓝宝石1","parent":"root"},{"length":54,"transform":{"y":4.28585,"skX":0.6887,"skY":0.6887,"x":-121.0523},"parent":"root","name":"小蓝卷轴"},{"length":1,"transform":{"y":-134.48915,"skX":180,"skY":180,"x":-38.3273},"parent":"root","name":"小蓝宝石2"},{"length":62,"transform":{"y":22.01085,"skX":114.0603,"skY":114.0603,"x":68.6477},"parent":"root","name":"小蓝书堆"},{"transform":{"y":-178.78915,"x":-107.4773},"name":"xx1","parent":"root"},{"transform":{"y":-114.98915,"x":-77.9523},"name":"无标题-1","parent":"root"},{"length":95.5,"transform":{"y":-27.71415,"skX":-91.7045,"skY":-91.7045,"x":-163.2273},"parent":"root","name":"小精灵1"},{"transform":{"y":-77.03915,"x":119.3977},"name":"小蓝书堆3","parent":"root"},{"transform":{"y":-226.43915,"x":-146.1273},"name":"xx11","parent":"root"},{"transform":{"y":-226.8564,"x":-101.7773},"name":"小蓝书堆6","parent":"root"},{"length":46,"transform":{"skX":-39.9911,"skY":-39.9911,"x":54.0789},"parent":"小蓝卷轴","name":"小蓝卷轴1"},{"transform":{"y":-19.6845,"x":7.86135},"name":"小蓝书页1","parent":"小蓝书页"},{"length":66.5,"transform":{"y":-0.51805,"skX":36.63,"skY":36.63,"x":61.06975},"parent":"小蓝书堆","name":"小蓝书堆1"},{"length":96,"transform":{"y":0.417,"skX":7.8412,"skY":7.8412,"x":63.80305},"parent":"小蓝书页","name":"小蓝帽子"},{"length":9,"transform":{"y":10.8735,"skX":-86.7494,"skY":-86.7494,"x":-22.05255},"parent":"小蓝书页","name":"小蓝脚"},{"length":31.5,"transform":{"skX":-88.2955,"skY":-88.2955,"x":95.8174},"parent":"小精灵1","name":"小精灵2"},{"length":31,"transform":{"y":-25.60915,"skX":-176.1493,"skY":-176.1493,"x":-18.4043},"parent":"小蓝书页","name":"小蓝脚2"},{"length":84,"transform":{"y":11.54265,"skX":-18.1193,"skY":-18.1193,"x":-0.4185},"parent":"小精灵1","name":"小精灵"},{"length":38.5,"transform":{"y":-17.0182,"skX":-14.5216,"skY":-14.5216,"x":-17.24165},"parent":"小蓝书页","name":"小蓝身体1"},{"length":53,"transform":{"y":0.50175,"skX":26.0114,"skY":26.0114,"x":67.43725},"parent":"小蓝书堆1","name":"小蓝书堆2"},{"length":31.5,"transform":{"y":-4.0634,"skX":48.8208,"skY":48.8208,"x":22.20405},"parent":"小蓝书页1","name":"小蓝身体"},{"length":29.5,"transform":{"skX":-66.5357,"skY":-66.5357,"x":9.10675},"parent":"小蓝脚","name":"小蓝脚1"},{"length":23,"transform":{"y":0.52545,"skX":-112.9348,"skY":-112.9348,"x":89.84605},"parent":"小精灵","name":"小精灵帽子"},{"length":20.5,"transform":{"y":12.857,"skX":81.7275,"skY":81.7275,"x":-20.23855},"parent":"小蓝书页1","name":"小蓝书页3"},{"length":79,"transform":{"skX":47.9262,"skY":47.9262,"x":96.3766},"parent":"小蓝帽子","name":"小蓝帽子1"},{"length":35.5,"transform":{"skX":-26.9598,"skY":-26.9598,"x":46.2967},"parent":"小蓝卷轴1","name":"小蓝卷轴2"},{"length":23.5,"transform":{"y":6.6913,"skX":52.2011,"skY":52.2011,"x":5.3216},"parent":"小精灵帽子","name":"小精灵头发"},{"length":30,"transform":{"skX":10.1089,"skY":10.1089,"x":23.05165},"parent":"小精灵帽子","name":"小精灵帽子1"},{"length":42.5,"transform":{"skX":51.6711,"skY":51.6711,"x":79.32075},"parent":"小蓝帽子1","name":"小蓝帽子2"},{"length":19,"transform":{"skX":7.7196,"skY":7.7196,"x":20.5334},"parent":"小蓝书页3","name":"小蓝书页4"},{"length":30,"transform":{"y":-0.17305,"skX":24.4396,"skY":24.4396,"x":31.533},"parent":"小蓝身体","name":"小蓝书页2"},{"length":26,"transform":{"y":-15.2441,"skX":11.6207,"skY":11.6207,"x":9.7942},"parent":"小蓝帽子2","name":"小蓝帽子3"}],"defaultActions":[{"gotoAndPlay":"start"}],"slot":[{"name":"小蓝瓶子","parent":"root","color":{}},{"z":1,"name":"小蓝宝石2","parent":"小蓝宝石2","color":{}},{"z":2,"name":"小蓝宝石","parent":"小蓝宝石1","color":{}},{"z":3,"name":"小蓝书堆","parent":"小蓝书堆3","color":{}},{"z":4,"name":"小蓝卷轴","parent":"小蓝卷轴2","color":{}},{"z":5,"name":"小蓝身体","parent":"小蓝身体1","color":{}},{"z":6,"name":"小蓝脑袋","parent":"root","color":{}},{"z":7,"name":"小蓝脚2","parent":"小蓝脚2","color":{}},{"z":8,"name":"小蓝脚","parent":"小蓝脚1","color":{}},{"z":9,"name":"小蓝帽子","parent":"小蓝帽子3","color":{}},{"z":10,"name":"小蓝书页","parent":"小蓝书页4","color":{}},{"z":11,"name":"小蓝书","parent":"root","color":{}},{"z":12,"name":"小精灵头发","parent":"小精灵头发","color":{}},{"z":13,"name":"小精灵帽子","parent":"小精灵帽子1","color":{}},{"z":14,"name":"小精灵","parent":"小精灵2","color":{}},{"z":15,"name":"小精灵眼睛2","parent":"root","color":{}},{"z":16,"displayIndex":-1,"name":"小精灵闭眼","parent":"root","color":{}},{"z":17,"name":"小精灵眼镜","parent":"小精灵2","color":{}},{"blendMode":"add","z":18,"parent":"root","name":"星星","color":{"bM":53,"gM":86}},{"blendMode":"add","z":19,"parent":"无标题-1","name":"无标题-1","color":{}},{"blendMode":"add","z":20,"parent":"root","name":"无标题-11","color":{"aM":38}},{"blendMode":"add","z":21,"parent":"xx1","name":"xx1","color":{"bM":96,"gM":39,"rM":65}},{"blendMode":"add","z":22,"parent":"root","name":"星星1","color":{"aM":87,"bM":45,"gM":93}},{"blendMode":"add","z":23,"parent":"xx11","name":"xx11","color":{"bM":98,"gM":52,"rM":90}},{"blendMode":"add","z":24,"parent":"root","name":"xx12","color":{"bM":95,"gM":56,"rM":40}},{"blendMode":"add","z":25,"parent":"root","name":"星星2","color":{"bM":72,"gM":91}}],"name":"xiaolan","frameRate":30,"skin":[{"slot":[{"display":[{"path":"xx1","type":"image","name":"xx1","transform":{"scX":0.65,"y":0.56595,"scY":0.65,"x":0.12525}}],"blendMode":"add","name":"xx11"},{"display":[{"uvs":[0,0.88817,0.41453,0.85893,0.92717,1,1,0.992,0.91472,0.71775,0.81719,0.51798,0.84555,0.48341,0.80583,0.321,0.85346,0.33561,1,0.2797,1,0.20777,0.86482,0,0.74684,0,0.72075,0.02541,0.59941,0.03469,0.49051,0,0.38617,0.09466,0.40543,0.18515,0.22401,0.37958,0.11285,0.55394,0.02895,0.71114,0,0.74304,0.32986,0.26614,0.66883,0.39805],"vertices":[-126.5,83.65,-21.625,77.35,108.075,107.75,126.5,106.025,104.925,46.925,80.25,3.875,87.425,-3.575,77.375,-38.575,89.425,-35.425,126.5,-47.475,126.5,-62.975,92.3,-107.75,62.45,-107.75,55.85,-102.275,25.15,-100.275,-2.4,-107.75,-28.8,-87.35,-23.925,-67.85,-69.825,-25.95,-97.95,11.625,-119.175,45.5,-126.5,52.375,-44.465,-49.1,42.96,-23.535],"userEdges":[7,13,7,14,6,17,5,22,5,23,23,17],"path":"小蓝帽子","triangles":[11,7,10,7,8,10,10,8,9,4,2,3,13,7,11,4,1,2,12,13,11,5,1,4,23,5,6,17,22,23,15,17,14,18,19,1,16,17,15,19,20,1,20,0,1,21,0,20,13,7,14,7,17,6,14,17,7,17,23,6,23,5,22,22,1,5,22,18,1],"weights":[1,16,1,1,16,1,1,16,1,1,16,1,1,16,1,2,16,0.45,27,0.55,2,31,0.5700000000000001,27,0.43,2,31,0.74,27,0.26,1,31,1,1,31,1,1,31,1,1,31,1,3,16,0.051653429271503695,31,0.4756222461483233,27,0.4727243245801729,1,31,1,2,27,0.54,31,0.46,2,27,0.62,31,0.38,1,27,1,1,27,1,1,16,1,1,16,1,1,16,1,1,16,1,1,16,1,1,16,1],"edges":[0,1,1,2,2,3,3,4,4,5,5,6,6,7,7,8,8,9,9,10,10,11,11,12,12,13,13,14,14,15,15,16,16,17,18,19,19,20,20,21,21,0,17,22,22,18],"type":"mesh","transform":{"y":119.6999,"skX":-31.3376,"skY":-31.3376,"x":-25.5845},"bonePose":[16,0.11828596778935127,-0.9929795717053483,0.9929795717053483,0.11828596778935127,62.274999999999984,-287.8750000000001,27,0.8616910498242825,-0.5074332809865021,0.5074332809865021,0.8616910498242825,73.67499999999995,-383.57500000000005,31,0.9413709407759362,0.3373733123153502,-0.3373733123153502,0.9413709407759362,142.02499999999998,-423.8250000000003],"width":253,"slotPose":[1.0000000000000007,-5.551115123125783e-16,5.551115123125783e-16,1.0000000000000007,72.28229476060426,-345.93921242719733],"height":215,"name":"小蓝帽子"}],"name":"小蓝帽子"},{"display":[{"uvs":[0,0,1,0,0,1,1,1],"vertices":[-17.75,-26,17.75,-26,-17.75,26,17.75,26],"userEdges":[],"path":"小蓝宝石","triangles":[1,0,3,0,2,3],"weights":[1,2,1,1,2,1,1,2,1,1,2,1],"edges":[0,1,1,3,3,2,2,0],"type":"mesh","transform":{"y":-7.84145,"x":-2.9913},"bonePose":[2,1,0,0,1,-139.4,-117.275],"width":35,"slotPose":[1,0,0,1,-137.84132445133827,-113.39147099134014],"height":52,"name":"小蓝宝石"}],"name":"小蓝宝石"},{"display":[{"uvs":[0,0,1,0,0,1,1,1],"vertices":[-12.5,-12.5,12.5,-12.5,-12.5,12.5,12.5,12.5],"userEdges":[],"path":"无标题-1","triangles":[1,0,3,0,2,3],"weights":[2,31,0.5556120310750909,34,0.4443879689249092,2,31,0.5683479245922859,34,0.4316520754077141,2,31,0.4050031533543807,34,0.5949968466456194,2,31,0.5971731010232597,34,0.40282689897674034],"edges":[0,1,1,3,3,2,2,0],"type":"mesh","transform":{"scX":-3.81,"y":-433.2779,"scY":-4.5571,"skX":-41.548,"skY":-41.548,"x":177.7852},"bonePose":[31,0.9593603997085784,0.28218366974543124,-0.28218366974543124,0.9593603997085784,138.42720293925018,-429.3891595417201,34,0.882855513073232,0.46964469872042874,-0.46964469872042874,0.882855513073232,152.125,-441.25000000000006],"width":25,"slotPose":[-2.8514060700000194,2.526971195713763,-3.0224557438929325,-3.4105052994117884,152.91249177943305,-427.7887613882589],"height":25,"name":"无标题-1"}],"blendMode":"add","name":"无标题-11"},{"display":[{"uvs":[1,0.00042,0.57703,0.00042,0.46261,0.18833,0.20045,0.20708,0,0.59292,0,0.81083,0.26081,0.79792,0.28784,1,0.68468,1,1,0.39417],"vertices":[27.75,-29.975,4.275,-29.975,-2.075,-18.7,-16.625,-17.575,-27.75,5.575,-27.75,18.65,-13.275,17.875,-11.775,30,10.25,30,27.75,-6.35],"userEdges":[],"path":"小精灵帽子","triangles":[6,8,9,2,6,9,0,1,9,1,2,9,3,6,2,6,7,8,3,4,6,4,5,6],"weights":[2,25,0.9487594384123492,30,0.0512405615876508,2,25,0.6288293052623345,30,0.3711706947376655,2,25,0.4956492259023141,30,0.5043507740976859,2,25,0.3796671704605402,30,0.6203328295394597,2,25,0.043546261684683035,30,0.9564537383153169,2,25,0.10179546698009341,30,0.8982045330199067,2,25,0.13935395216964086,30,0.860646047830359,2,25,0.2510479102094126,30,0.7489520897905875,2,25,0.4480998230349223,30,0.5519001769650778,2,25,0.6158866954080011,30,0.38411330459199894],"edges":[0,1,1,2,2,3,3,4,4,5,5,6,6,7,7,8,8,9,9,0],"type":"mesh","transform":{"y":-5.61455,"skX":-147.3504,"skY":-147.3504,"x":9.89675},"bonePose":[25,-0.7342210666311126,0.67891046929258,-0.67891046929258,-0.7342210666311126,-206.525,-106.85,30,-0.8419853200399839,0.5395004363642025,-0.5395004363642025,-0.8419853200399839,-223.45,-91.2,9,-0.02974407735931933,-0.9995575470487144,0.9995575470487144,-0.02974407735931933,-188.1,-22.225,18,-1,9.71445146547012e-17,-9.71445146547012e-17,-1,-190.95,-118],"width":55,"slotPose":[0.9999999999999998,-3.885780586188048e-16,3.885780586188048e-16,0.9999999999999998,-228.75385507687176,-81.13332762426839],"height":60,"name":"小精灵帽子"}],"name":"小精灵帽子"},{"display":[{"uvs":[0,0,1,0,0,1,1,1],"vertices":[-103,-47.25,103,-47.25,-103,47.25,103,47.25],"userEdges":[],"path":"小蓝脑袋","triangles":[1,0,3,0,2,3],"weights":[1,16,1,1,16,1,1,16,1,1,16,1],"edges":[0,1,1,3,3,2,2,0],"type":"mesh","transform":{"y":-287.4614,"skX":2.3747,"skY":2.3747,"x":102.2085},"bonePose":[16,0.11828596778935127,-0.9929795717053483,0.9929795717053483,0.11828596778935127,62.274999999999984,-287.8750000000001],"width":206,"slotPose":[1,0,0,1,77.56739651214359,-282.70279677441346],"height":94,"name":"小蓝脑袋"}],"name":"小蓝脑袋"},{"display":[{"uvs":[0,0,1,0,0,1,1,1],"vertices":[-12.5,-12.5,12.5,-12.5,-12.5,12.5,12.5,12.5],"userEdges":[],"path":"xx1","triangles":[1,0,3,0,2,3],"weights":[1,12,1,1,12,1,1,12,1,1,12,1],"edges":[0,1,1,3,3,2,2,0],"type":"mesh","transform":{"y":-253.8732,"x":-101.42705},"bonePose":[12,1,0,0,1,-126.65,-250.775],"width":25,"slotPose":[0.7,0,0,0.7,-126.29975784593901,-248.3840447317387],"height":25,"name":"xx1"}],"blendMode":"add","name":"xx12"},{"display":[{"uvs":[0,0,1,0,0,1,1,1],"vertices":[-43.68,-24.25,43.32,-24.25,-43.68,24.25,43.32,24.25],"userEdges":[],"path":"小精灵眼镜","triangles":[1,0,3,0,2,3],"weights":[1,20,1,1,20,1.0000000000000002,1,20,1.0000000000000002,1,20,1],"edges":[0,1,1,3,3,2,2,0],"type":"mesh","transform":{"y":-73.15395,"skX":180,"skY":180,"x":-26.75195},"bonePose":[20,-0.3391281122792049,-0.940740199769279,0.940740199769279,-0.3391281122792049,-176.55,-22.15],"width":87,"slotPose":[1,0,0,1,-164.01741370756497,-44.84603401928273],"height":48,"name":"小精灵眼镜"}],"name":"小精灵眼镜"},{"display":[{"uvs":[0.23097,0.99967,1,0.90559,1,0.00033,0.43363,0.04704,0.12168,0.22467,0,0.34112],"vertices":[-10.995,34.06,26.505,27.54,25.2,-35.105,-3.965,-31.87,-19.86,-19.59,-25.875,-11.55],"userEdges":[],"path":"小蓝书页","triangles":[5,0,1,4,5,1,3,4,1,3,1,2],"weights":[3,26,0.9845363830098596,32,0.013729727594770402,33,0.0017338893953700485,3,32,0.9774439683796275,26,0.020736198547979253,33,0.0018198330723931645,3,33,0.9898987773157805,32,0.0054546072916757575,26,0.004646615392543861,3,33,0.9774185154496923,32,0.011291269208781618,26,0.011290215341526088,3,33,0.8419242189502668,26,0.08140730991613564,32,0.07666847113359757,3,33,0.6498304757134143,26,0.19119689870741788,32,0.1589726255791679],"edges":[0,1,1,2,2,3,3,4,4,5,5,0],"type":"mesh","transform":{"y":-37.1225,"skX":27.9404,"skY":27.9404,"x":4.95125},"bonePose":[23,0.7772448707074854,-0.6291982286679647,0.6291982286679647,0.7772448707074854,38.2,-255.375,33,0.9679227383640007,-0.2512480299583149,0.2512480299583149,0.9679227383640007,62.6,-275.35,14,-0.018289623125368453,-0.9998327308534823,0.9998327308534823,-0.018289623125368453,43.2,-231.575,26,0.958194106364878,-0.2861189517099713,0.2861189517099713,0.958194106364878,56.425,-211.575,32,0.9879431458423275,-0.1548171197999944,0.1548171197999944,0.9879431458423275,76.10000000000001,-217.44999999999996],"width":56,"slotPose":[0.9999999999999999,2.556288514199423e-14,-2.556288514199423e-14,0.9999999999999999,66.7846772971371,-248.4457951568122],"height":76,"name":"小蓝书页"}],"name":"小蓝书页"},{"display":[{"uvs":[0.00004,0.76082,0.17618,0.771,0.26526,0.82602,0.32862,0.78526,0.45529,0.80971,0.4988,0.78526,0.56017,0.79544,0.53445,0.85456,0.39194,0.91367,0.36224,0.97074,0.6651,0.9911,0.75256,0.89204,0.76828,0.77713,0.83371,0.7609,0.87878,0.76784,0.88222,0.80733,0.91146,0.81312,1.00004,0.78641,1.00004,0.46495,0.87647,0.40694,0.77403,0.36631,0.57676,0.3721,0.50124,0.4348,0.48209,0.53228,0.46514,0.65298,0.29384,0.64485,0.1395,0.63905,0,0.68428],"vertices":[-302.335,151.62,-195.89,158.07,-142.185,190.61,-103.78,166.855,-27.27,181.545,-0.905,167.315,36.17,173.455,20.465,208.085,-65.84,242.4,-83.94,275.82,99.08,288.585,152.215,230.67,162.015,163.265,201.61,153.915,228.84,158.115,230.81,181.295,248.47,184.775,302.09,169.34,302.93,-19.36,228.385,-53.74,166.565,-77.865,47.3,-75,1.485,-38.4,-10.34,18.77,-20.91,89.575,-124.435,84.34,-217.72,80.525,-302.16,106.695],"userEdges":[10,8,7,10,7,11],"path":"小蓝书堆","triangles":[13,14,18,19,13,18,18,14,17,14,16,17,20,12,13,20,13,19,14,15,16,23,12,20,21,23,20,24,6,12,23,24,12,6,11,12,22,23,21,7,10,11,6,7,11,7,8,10,8,9,10,24,5,6,24,4,5,3,4,24,25,3,24,25,1,3,1,2,3,26,1,25,27,0,26,26,0,1],"weights":[1,22,1,1,0,1,1,0,1,1,0,1,1,0,1,1,0,1,1,0,1,1,22,1,2,22,0.8644112792407618,15,0.13558872075923822,1,22,1,1,22,1,2,6,0.5250394702863305,15,0.4749605297136695,1,0,1,1,6,1,1,6,1,1,6,1,1,6,1,1,6,1,1,6,1,1,6,1,1,6,1,1,0,1,1,0,1,1,0,1,1,0,1,1,0,1,1,22,1,1,22,1],"edges":[0,1,1,2,2,3,3,4,4,5,5,6,6,7,7,8,8,9,9,10,10,11,11,12,12,13,13,14,14,15,15,16,16,17,17,18,18,19,19,20,20,21,21,22,22,23,23,24,24,25,25,26,26,27,27,0],"type":"mesh","transform":{"y":-39.5832,"skX":0.2552,"skY":0.2552,"x":-149.44125},"bonePose":[0,1,0,0,1,-24.87271020435969,5.489149838203518,6,-0.40769854505528075,0.9131165842102569,-0.9131165842102569,-0.40769854505528075,43.775000000000006,27.5,15,-0.8719865989024096,0.48952974509687175,-0.48952974509687175,-0.8719865989024096,19.35,83.475,22,-0.9983435899716095,0.057533263097088505,-0.057533263097088505,-0.9983435899716095,-39.70000000000001,116.05],"width":604,"slotPose":[1.0000000000000002,-8.396061623727746e-16,8.396061623727746e-16,1.0000000000000002,-54.9162596356339,-140.54093671226377],"height":587,"name":"小蓝书堆"}],"name":"小蓝书堆"},{"display":[{"uvs":[0,0,1,0,0,1,1,1],"vertices":[-22,-40.75,22,-40.75,-22,40.75,22,40.75],"userEdges":[],"path":"小蓝宝石2","triangles":[1,0,3,0,2,3],"weights":[1,5,1,1,5,1,1,5,1,1,5,1],"edges":[0,1,1,3,3,2,2,0],"type":"mesh","transform":{"y":-4.40585,"skX":180,"skY":180,"x":2.84185},"bonePose":[5,-1,1.2246467991473532e-16,-1.2246467991473532e-16,-1,-63.2,-129],"width":44,"slotPose":[1,0,0,1,-66.04184654240571,-124.59417142636642],"height":81,"name":"小蓝宝石2"}],"name":"小蓝宝石2"},{"display":[{"path":"xx1","type":"image","name":"xx1","transform":{"scX":1.2,"y":2.39095,"scY":1.2,"x":0.35025}}],"blendMode":"add","name":"xx1"},{"display":[{"uvs":[0,0,1,0,0,1,1,1],"vertices":[-53.75,-60.25,53.75,-60.25,-53.75,60.25,53.75,60.25],"userEdges":[],"path":"小精灵","triangles":[1,0,3,0,2,3],"weights":[3,20,0.12750856486225995,18,0.7668639291233965,9,0.1056275060143435,3,20,0.2487841654237567,18,0.3758053234021924,9,0.37541051117405105,2,20,0.4003508904377816,9,0.5996491095622184,2,20,0.5824899768872409,9,0.417510023112759],"edges":[0,1,1,3,3,2,2,0],"type":"mesh","transform":{"y":-48.40685,"skX":180,"skY":180,"x":-16.2666},"bonePose":[20,-0.3391281122792049,-0.940740199769279,0.940740199769279,-0.3391281122792049,-176.55,-22.15,9,-0.02974407735931933,-0.9995575470487144,0.9995575470487144,-0.02974407735931933,-188.1,-22.225,18,-1,9.71445146547012e-17,-9.71445146547012e-17,-1,-190.95,-118],"width":107,"slotPose":[1,0,0,1,-174.6834189235812,-69.59316861493288],"height":120,"name":"小精灵"}],"name":"小精灵"},{"display":[{"uvs":[0,0,1,0,0,1,1,1],"vertices":[-16.25,-22.25,16.25,-22.25,-16.25,22.25,16.25,22.25],"userEdges":[],"path":"小蓝脚2","triangles":[1,0,3,0,2,3],"weights":[1,19,1,1,19,1,1,19,1,1,19,1],"edges":[0,1,1,3,3,2,2,0],"type":"mesh","transform":{"y":-5.35345,"skX":-92.8028,"skY":-92.8028,"x":17.8482},"bonePose":[19,-0.048898098012874626,0.9988037725252761,-0.9988037725252761,-0.04889809801287507,39.49999999999999,-206.6],"width":32,"slotPose":[0.9999999999999997,2.7755575615628914e-17,-2.7755575615628914e-17,0.9999999999999997,43.97432354530639,-188.51139718766234],"height":44,"name":"小蓝脚2"}],"name":"小蓝脚2"},{"display":[{"uvs":[0,0,1,0,0,1,1,1],"vertices":[-25,-25,25,-25,-25,25,25,25],"userEdges":[],"path":"星星","triangles":[1,0,3,0,2,3],"weights":[1,10,1,1,10,1,1,10,1,1,10,1],"edges":[0,1,1,3,3,2,2,0],"type":"mesh","transform":{"scX":2.55,"y":-76.416,"scY":2.55,"x":120.0375},"bonePose":[10,1,0,0,1,94.525,-71.55],"width":50,"slotPose":[2.55,0,0,2.55,95.16477965774085,-70.92687134685518],"height":50,"name":"星星"}],"blendMode":"add","name":"星星2"},{"display":[{"width":50,"uvs":[0,1,0,0,1,0,1,1],"type":"mesh","vertices":[-25,25,-25,-25,25,-25,25,25],"transform":{"scX":1.25,"y":-143.8839,"scY":1.25,"x":-40.77975},"userEdges":[],"path":"星星","triangles":[0,3,2,1,0,2],"edges":[0,1,1,2,2,3,3,0],"height":50,"name":"星星"}],"blendMode":"add","name":"星星"},{"display":[{"uvs":[0,0,1,0,0,1,1,1],"vertices":[-71,-44.5,71,-44.5,-71,44.5,71,44.5],"userEdges":[],"path":"小蓝书","triangles":[1,0,3,0,2,3],"weights":[2,1,0.3925034396417383,21,0.6074965603582618,1,1,1,2,1,0.350522886985424,21,0.649477113014576,2,1,0.5674948996529923,21,0.43250510034700784],"edges":[0,1,1,3,3,2,2,0],"type":"mesh","transform":{"y":-242.49125,"x":84.3974},"bonePose":[1,-0.018289623125368453,-0.9998327308534823,0.9998327308534823,-0.018289623125368453,63.025000000000006,-224.075,21,-0.2684091625343119,-0.9633049991916524,0.9633049991916524,-0.2684091625343119,46.325,-206.52500000000003],"width":142,"slotPose":[1,0,0,1,59.52467976234294,-237.0020823770918],"height":89,"name":"小蓝书"}],"name":"小蓝书"},{"display":[{"uvs":[0,0.82135,0.36812,1,0.50979,1,1,0.52266,1,0.15781,0.92563,-0.00026,0.67479,-0.00026,0.36812,0.28333,0.18521,0.44193,0.14688,0.66667,0,0.51563],"vertices":[-60,30.85,-15.825,48,1.175,48,60,2.175,60,-32.85,51.075,-48.025,20.975,-48.025,-15.825,-20.8,-37.775,-5.575,-42.375,16,-60,1.5],"userEdges":[],"path":"小蓝卷轴","triangles":[5,6,4,4,6,3,6,7,3,7,2,3,8,9,7,9,1,2,7,9,2,9,0,1,10,0,9],"weights":[3,4,0.9649389192617336,13,0.026392340136869127,28,0.008668740601397268,3,4,0.5145876777732215,13,0.4214983904040582,28,0.06391393182272054,3,4,0.46063650460130723,13,0.4611652350820744,28,0.07819826031661832,3,4,0.08689010251610486,28,0.4611208202533699,13,0.45198907723052517,3,4,0.026243006380965286,28,0.8459769627462884,13,0.12778003087274636,3,4,0.011056508206899001,28,0.9463539701776071,13,0.04258952161549384,3,4,0.08583388767559878,28,0.6534343496796309,13,0.2607317626447703,3,4,0.3544590393243957,13,0.38509987849781596,28,0.2604410821777884,3,4,0.6492579081673866,13,0.25085929909460136,28,0.09988279273801214,3,4,0.9726741432743312,13,0.021777880206433408,28,0.005547976519235438,3,4,0.8602681550632386,13,0.09823033344365635,28,0.04150151149310492],"edges":[0,1,1,2,2,3,3,4,4,5,5,6,6,7,7,8,8,9,9,10,10,0],"type":"mesh","transform":{"y":-26.88,"skX":66.2623,"skY":66.2623,"x":-19.4102},"bonePose":[4,0.9999277635156084,0.01201947381017362,-0.01201947381017362,0.9999277635156084,-145.925,9.775,13,0.7738129239774507,-0.6334142078336008,0.6334142078336008,0.7738129239774507,-91.85000000000001,10.425000000000002,28,0.4025502596285995,-0.9153978853334472,0.9153978853334472,0.4025502596285995,-56.02500000000001,-18.89999999999999],"width":120,"slotPose":[1.0000000000000002,1.1102230246251565e-16,-1.1102230246251565e-16,1.0000000000000002,-88.44445136199732,-11.952494532858811],"height":96,"name":"小蓝卷轴"}],"name":"小蓝卷轴"},{"display":[{"uvs":[0,0,1,0,0,1,1,1],"vertices":[-65.5,-66,65.5,-66,-65.5,66,65.5,66],"userEdges":[],"path":"小蓝瓶子","triangles":[1,0,3,0,2,3],"weights":[1,2,1,1,2,1,1,2,1,1,2,1],"edges":[0,1,1,3,3,2,2,0],"type":"mesh","transform":{"y":-147.22055,"x":-77.40455},"bonePose":[2,1,0,0,1,-139.4,-117.275],"width":131,"slotPose":[1,0,0,1,-102.27723709215016,-141.73138647697394],"height":132,"name":"小蓝瓶子"}],"name":"小蓝瓶子"},{"display":[{"width":50,"uvs":[0,1,1,1,1,0,0,0],"type":"mesh","vertices":[-25,25,25,25,25,-25,-25,-25],"transform":{"scX":1.05,"y":-102.15275,"scY":1.05,"x":-107.9349},"userEdges":[],"path":"星星","triangles":[0,1,2,3,0,2],"edges":[0,1,1,2,2,3,3,0],"height":50,"name":"星星"}],"blendMode":"add","name":"星星1"},{"display":[{"uvs":[0,0,1,0,0,1,1,1],"vertices":[-23.75,-8.5,23.75,-8.5,-23.75,8.5,23.75,8.5],"userEdges":[],"path":"小精灵眼睛2","triangles":[1,0,3,0,2,3],"weights":[1,9,1,1,9,1,1,9,1,1,9,1],"edges":[0,1,1,3,3,2,2,0],"type":"mesh","transform":{"y":-52.98695,"x":-134.3932},"bonePose":[9,-0.029744077359317306,-0.9995575470487137,0.9995575470487137,-0.029744077359317306,-188.1,-22.225],"width":47,"slotPose":[1,0,0,1,-159.2658958737799,-47.49780617761171],"height":17,"name":"小精灵眼睛2"},{"uvs":[0,0,1,0,0,1,1,1],"vertices":[-23.75,-5.5,23.75,-5.5,-23.75,5.5,23.75,5.5],"userEdges":[],"path":"小精灵闭眼","triangles":[1,0,3,0,2,3],"weights":[1,20,1,1,20,1,1,20,1,1,20,1],"edges":[0,1,1,3,3,2,2,0],"type":"mesh","transform":{"y":-53.00685,"x":-134.16695},"bonePose":[20,-0.33912811227920403,-0.9407401997692799,0.9407401997692799,-0.33912811227920403,-176.54999999999993,-22.15],"width":47,"slotPose":[1,0,0,1,-159.03965965473657,-47.51768225653325],"height":11,"name":"小精灵闭眼"},{"uvs":[0,0,1,0,0,1,1,1],"vertices":[-23.5,-13.75,23.5,-13.75,-23.5,13.75,23.5,13.75],"userEdges":[],"path":"小精灵眼睛1","triangles":[1,0,3,0,2,3],"weights":[1,20,1,1,20,1,1,20,1,1,20,1],"edges":[0,1,1,3,3,2,2,0],"type":"mesh","transform":{"y":-56.4523,"x":-134.5509},"bonePose":[20,-0.3391281122792049,-0.940740199769279,0.940740199769279,-0.3391281122792049,-176.55,-22.15],"width":47,"slotPose":[1,0,0,1,-159.4236335544036,-50.96317358731854],"height":27,"name":"小精灵眼睛1"}],"name":"小精灵眼睛2"},{"display":[{"uvs":[0,0.94259,0.20541,1,0.425,1,0.58243,0.63148,0.74189,0.40864,1,0.27531,1,0.0037,0.44189,0.00062,0.27905,0.17531,0,0.69877,0.34898,0.10029],"vertices":[-18.5,17.925,-10.9,20.25,-2.775,20.25,3.05,5.325,8.95,-3.7,18.5,-9.1,18.5,-20.1,-2.15,-20.225,-8.175,-13.15,-18.5,8.05,-5.59,-16.19],"userEdges":[4,7,4,8,4,10],"path":"小蓝脚","triangles":[7,4,6,6,4,5,8,3,4,10,8,4,7,10,4,8,9,3,1,2,3,9,1,3,9,0,1],"weights":[2,17,0.05232652945454707,24,0.9476734705454529,2,17,0.04984566001634207,24,0.9501543399836578,2,17,0.11107575436142426,24,0.8889242456385757,2,17,0.22294862662915205,24,0.7770513733708478,2,17,0.5605903957453932,24,0.4394096042546069,2,17,0.7724009132339897,24,0.22759908676601032,2,17,0.7626230163316168,24,0.2373769836683831,2,17,0.49561031161684643,24,0.5043896883831536,2,17,0.3924053377458151,24,0.607594662254185,2,17,0.059838396215675875,24,0.9401616037843241,2,17,0.47937313488849126,24,0.5206268651115087],"edges":[0,1,1,2,2,3,3,4,4,5,5,6,6,7,8,9,9,0,7,10,10,8],"type":"mesh","transform":{"y":-5.6339,"skX":-115.6669,"skY":-115.6669,"x":13.63665},"bonePose":[17,-0.9992611746313144,-0.03843312210120231,0.03843312210120231,-0.9992611746313144,74.29999999999998,-202.22500000000002,24,-0.43313799485656945,0.9013276193547108,-0.9013276193547108,-0.43313799485656945,65.2,-202.57500000000002],"width":37,"slotPose":[1.0000000000000002,8.881784197001252e-16,-8.881784197001252e-16,1.0000000000000002,64.3714529104073,-187.84367036629533],"height":40,"name":"小蓝脚"}],"name":"小蓝脚"},{"display":[{"width":25,"uvs":[0,0,1,0,0,1,1,1],"type":"mesh","vertices":[-12.5,-12.5,12.5,-12.5,-12.5,12.5,12.5,12.5],"transform":{"scX":0.85,"y":0.46945,"scY":0.85,"x":-0.4908},"userEdges":[],"path":"无标题-1","triangles":[1,0,3,0,2,3],"edges":[0,1,1,3,3,2,2,0],"height":25,"name":"无标题-1"}],"blendMode":"add","name":"无标题-1"},{"display":[{"uvs":[0,0,1,0,0,1,1,1],"vertices":[-20.25,-18.75,20.25,-18.75,-20.25,18.75,20.25,18.75],"userEdges":[],"path":"小精灵头发","triangles":[1,0,3,0,2,3],"weights":[1,29,1,1,29,1,1,29,1,1,29,1],"edges":[0,1,1,3,3,2,2,0],"type":"mesh","transform":{"y":-4.3399,"skX":170.5575,"skY":170.5575,"x":13.9048},"bonePose":[29,-0.9864507109826017,-0.1640579007604317,0.1640579007604317,-0.9864507109826017,-214.975,-108.15000000000002,9,-0.02974407735931933,-0.9995575470487144,0.9995575470487144,-0.02974407735931933,-188.1,-22.225,18,-1,9.71445146547012e-17,-9.71445146547012e-17,-1,-190.95,-118],"width":40,"slotPose":[0.9999999999999998,7.494005416219807e-16,-7.494005416219807e-16,0.9999999999999998,-229.4033960787938,-106.1501154184829],"height":37,"name":"小精灵头发"}],"name":"小精灵头发"},{"display":[{"uvs":[0,0,1,0,0,1,1,1],"vertices":[-47,-45.75,47,-45.75,-47,45.75,47,45.75],"userEdges":[],"path":"小蓝身体","triangles":[1,0,3,0,2,3],"weights":[1,1,1,1,1,1,1,1,1,1,1,1],"edges":[0,1,1,3,3,2,2,0],"type":"mesh","transform":{"y":40.1177,"skX":92.9778,"skY":92.9778,"x":24.64725},"bonePose":[1,-0.018289623125368453,-0.9998327308534823,0.9998327308534823,-0.018289623125368453,63.025000000000006,-224.075],"width":94,"slotPose":[1,0,0,1,74.26323495889733,-232.6267448946532],"height":91,"name":"小蓝身体"}],"name":"小蓝身体"}],"name":""}]}],"isGlobal":0,"name":"xiaolan","version":"5.5"}